"Unnamed: 0","reward","len","score","turns","dlvl","max_hitpoints","max_energy","armor_class","experience_level","experience_points","eating_score","gold_score","scout_score","sokobanfillpit_score","staircase_pet_score","staircase_score","ttyrecname","episode_number","true_objective","maxlvl","role","race","gender","align","death"
"0","2","1831","2","1030","1","17","4","-1","1","0","1250","2","257","0","0","0","nle.2693393.0.ttyrec3.bz2","0","2","1","Mon","Hum","Mal","Neu","quit"
"1","575","4096","575","3377","1","27","18","3","3","52","3525","1101","659","0","0","2","nle.2693395.0.ttyrec3.bz2","0","575","1","Mon","Hum","Mal","Neu","killed by a guard"
"2","932","8198","934","6334","1","33","28","3","5","231","6620","8","405","0","0","15","nle.2693398.0.ttyrec3.bz2","0","932","1","Mon","Hum","Mal","Neu","poisoned by a rotted floating eye corpse"
"3","1231","10594","1231","9161","1","43","25","3","5","179","7001","7","482","0","27","126","nle.2693392.0.ttyrec3.bz2","0","1231","1","Mon","Hum","Mal","Neu","died of starvation while fainted"
"4","1513","13434","1513","10747","1","46","24","4","6","375","9857","3","493","0","1","24","nle.2693397.0.ttyrec3.bz2","0","1513","1","Mon","Hum","Mal","Neu","killed by a giant bat while fainted from lack of food"
"5","1620","15929","1620","10687","1","47","34","3","6","405","10635","0","630","0","16","38","nle.2693391.0.ttyrec3.bz2","0","1620","1","Mon","Hum","Mal","Neu","quit"
"6","1884","16685","1884","10979","1","49","34","4","6","471","10678","0","643","0","0","0","nle.2693394.0.ttyrec3.bz2","0","1884","1","Mon","Hum","Mal","Neu","quit"
"7","1895","16065","1895","11913","1","49","32","10","6","467","10640","7","548","0","0","41","nle.2693452.0.ttyrec3.bz2","0","1895","1","Mon","Hum","Mal","Neu","killed by an iguana while fainted from lack of food"
"8","71","758","71","334","1","14","5","4","1","17","0","3","464","0","0","0","nle.2693394.1.ttyrec3.bz2","1","71","1","Mon","Hum","Mal","Neu","quit"
"9","3020","21126","3020","9168","3","57","36","3","7","730","8523","40","1490","0","0","9","nle.2693387.0.ttyrec3.bz2","0","3020","3","Mon","Hum","Mal","Neu","killed by Ms. Sneem; the shopkeeper"
"10","2456","19543","2456","15162","1","44","33","3","6","611","13999","12","547","0","12","64","nle.2693393.1.ttyrec3.bz2","1","2456","1","Mon","Hum","Mal","Neu","killed by a wererat while fainted from lack of food"
"11","901","7619","901","5607","1","38","31","2","5","223","6299","9","590","0","7","21","nle.2693397.1.ttyrec3.bz2","1","901","1","Mon","Hum","Mal","Neu","quit"
"12","920","7564","920","5842","1","14","25","7","5","225","5306","0","592","0","5","7","nle.2693394.2.ttyrec3.bz2","2","920","1","Mon","Hum","Mal","Neu","killed by the wrath of Chih Sung-tzu"
"13","2894","25209","2894","16481","1","50","39","2","7","659","15206","28","542","0","2","55","nle.2693395.1.ttyrec3.bz2","1","2894","1","Mon","Hum","Mal","Neu","killed by a hill orc while fainted from lack of food"
"14","6047","28912","6047","18877","1","60","47","1","8","1452","18837","229","543","0","4","188","nle.2693399.0.ttyrec3.bz2","0","6047","1","Mon","Hum","Mal","Neu","quit"
"15","15129","31920","15129","20155","3","66","46","5","9","3689","19351","193","2419","0","4","220","nle.2693388.0.ttyrec3.bz2","0","15129","4","Mon","Hum","Mal","Neu","poisoned by a rotted soldier ant corpse"
"16","122","1346","122","774","1","21","11","4","2","27","258","14","569","0","0","1","nle.2693388.1.ttyrec3.bz2","1","122","1","Mon","Hum","Mal","Neu","quit"
"17","6333","31668","6333","21842","2","59","32","1","8","1545","21063","277","1057","0","5","22","nle.2693396.0.ttyrec3.bz2","0","6333","2","Mon","Hum","Mal","Neu","poisoned by a rotted giant ant corpse"
"18","8342","32108","8342","20179","4","81","48","5","8","2027","20315","102","2055","0","9","106","nle.2693389.0.ttyrec3.bz2","0","8342","4","Mon","Hum","Mal","Neu","poisoned by a rotted gnome corpse"
"19","10912","38864","10912","26100","4","75","54","10","9","3520","26289","384","2732","0","28","152","nle.2693400.0.ttyrec3.bz2","0","10912","4","Mon","Hum","Mal","Neu","poisoned by a rotted iguana corpse"
"20","2023","17271","2023","12246","1","48","45","3","6","328","11131","3","456","0","41","135","nle.2693393.2.ttyrec3.bz2","2","2023","1","Mon","Hum","Mal","Neu","killed by a giant bat while fainted from lack of food"
"21","822","8098","822","7458","1","10","25","7","5","201","5435","18","571","0","1","3","nle.2693389.1.ttyrec3.bz2","1","822","1","Mon","Hum","Mal","Neu","died of starvation while fainted"
"22","9382","34390","9382","20165","3","52","46","3","8","2211","19760","584","2476","0","0","51","nle.2693398.1.ttyrec3.bz2","1","9382","3","Mon","Hum","Mal","Neu","killed by a dwarf"
"23","6123","40230","6123","25429","2","59","48","3","8","1295","23943","223","919","0","13","73","nle.2693390.0.ttyrec3.bz2","0","6123","2","Mon","Hum","Mal","Neu","killed by a giant bat while fainted from lack of food"
"24","1983","14943","1983","11694","1","52","38","3","6","488","11541","21","523","0","4","30","nle.2693399.1.ttyrec3.bz2","1","1983","1","Mon","Hum","Mal","Neu","killed by a magic missile"
"25","4272","17047","4272","10933","6","50","37","4","7","1003","10676","244","2660","0","25","237","nle.2693395.2.ttyrec3.bz2","2","4272","6","Mon","Hum","Mal","Neu","quit"
"26","1611","14089","1611","10082","1","39","33","1","6","402","8900","3","514","0","8","46","nle.2693396.1.ttyrec3.bz2","1","1611","1","Mon","Hum","Mal","Neu","killed by a manes while fainted from lack of food"
"27","8538","29277","8538","19532","2","56","51","0","8","2119","18929","284","980","0","0","120","nle.2693387.1.ttyrec3.bz2","1","8538","2","Mon","Hum","Mal","Neu","poisoned by a rotted glob of gray ooze"
"28","582","5056","582","4569","1","40","16","3","4","144","3849","6","543","0","0","12","nle.2693399.2.ttyrec3.bz2","2","582","1","Mon","Hum","Mal","Neu","poisoned by a rotted gnome corpse while helpless"
"29","5671","26386","5671","18160","2","75","53","3","8","1382","17307","63","1069","0","9","51","nle.2693397.2.ttyrec3.bz2","2","5671","2","Mon","Hum","Mal","Neu","killed by Mr. Annootok; the shopkeeper"
"30","13157","40860","13157","28090","3","57","51","0","9","3161","27541","649","2143","0","9","123","nle.2693392.1.ttyrec3.bz2","1","13157","4","Mon","Hum","Mal","Neu","killed by a killer bee"
"31","14198","51822","14198","29357","7","74","49","7","9","3413","28895","2484","3831","0","19","45","nle.2693401.0.ttyrec3.bz2","0","14198","7","Mon","Hum","Mal","Neu","killed by a spotted jelly"
"32","905","10710","905","7885","1","44","31","3","5","221","7245","21","701","0","1","8","nle.2693395.3.ttyrec3.bz2","3","905","1","Mon","Hum","Mal","Neu","quit"
"33","10436","38237","10436","26253","3","74","48","2","9","2564","26135","1232","1333","0","2","141","nle.2693391.1.ttyrec3.bz2","1","10436","3","Mon","Hum","Mal","Neu","killed by a killer bee while fainted from lack of food"
"34","876","7236","876","5966","1","50","34","6","5","216","5292","12","540","0","5","42","nle.2693392.2.ttyrec3.bz2","2","876","1","Mon","Hum","Mal","Neu","quit"
"35","4377","23319","4377","17094","1","51","39","3","7","1014","16206","671","571","0","0","37","nle.2693398.2.ttyrec3.bz2","2","4377","1","Mon","Hum","Mal","Neu","killed by a cave spider"
"36","5689","38786","5689","24524","1","75","38","10","8","1415","24142","123","503","0","5","29","nle.2693394.3.ttyrec3.bz2","3","5689","1","Mon","Hum","Mal","Neu","killed by a kitten"
"37","4268","26491","4268","16440","1","49","51","0","7","1067","16259","64","556","0","0","98","nle.2693393.3.ttyrec3.bz2","3","4268","1","Mon","Hum","Mal","Neu","quit"
"38","3288","24424","3288","17267","1","48","47","7","7","645","16198","26","582","0","10","43","nle.2693390.1.ttyrec3.bz2","1","3288","1","Mon","Hum","Mal","Neu","killed by a wererat while fainted from lack of food"
"39","9185","50533","9185","23390","3","58","39","1","8","2229","24271","265","1483","0","0","101","nle.2693452.1.ttyrec3.bz2","1","9185","3","Mon","Hum","Mal","Neu","poisoned by a rotted glob of gray ooze"
"40","402","3407","402","2527","1","33","26","4","4","99","2517","6","583","0","0","3","nle.2693394.4.ttyrec3.bz2","4","402","1","Mon","Hum","Mal","Neu","quit"
"41","588","4894","588","3395","1","32","19","3","4","146","3184","4","553","0","15","18","nle.2693398.3.ttyrec3.bz2","3","588","1","Mon","Hum","Mal","Neu","quit"
"42","3822","24195","3822","14991","1","47","40","-1","7","953","14891","132","698","0","2","5","nle.2693387.2.ttyrec3.bz2","2","3822","1","Mon","Hum","Mal","Neu","quit"
"43","3432","22047","3432","16117","1","54","32","1","6","639","15774","0","520","0","14","59","nle.2693397.3.ttyrec3.bz2","3","3432","1","Mon","Hum","Mal","Neu","killed by a rothe"
"44","18883","38067","18883","25062","8","93","46","3","9","2599","23939","7581","2874","0","5","61","nle.2693400.1.ttyrec3.bz2","1","18883","9","Mon","Hum","Mal","Neu","killed by a soldier ant while fainted from lack of food"
"45","630","5667","630","4809","1","32","17","3","4","154","4688","14","538","0","0","13","nle.2693398.4.ttyrec3.bz2","4","630","1","Mon","Hum","Mal","Neu","quit"
"46","2212","19757","2212","13555","1","46","24","3","6","553","12842","0","578","0","3","33","nle.2693395.4.ttyrec3.bz2","4","2212","1","Mon","Hum","Mal","Neu","quit"
"48","554","7622","554","5839","1","23","21","3","4","136","5847","982","469","0","0","1","nle.2693452.2.ttyrec3.bz2","2","554","1","Mon","Hum","Mal","Neu","quit"
"49","2954","23125","2954","13987","1","60","51","3","7","733","13959","12","578","0","3","14","nle.2693401.1.ttyrec3.bz2","1","2954","1","Mon","Hum","Mal","Neu","poisoned by a rotted gecko corpse"
"50","878","7301","878","5485","1","37","22","1","5","213","4787","26","465","0","16","26","nle.2693397.4.ttyrec3.bz2","4","878","1","Mon","Hum","Mal","Neu","quit"
"51","1083","7349","1086","5654","1","43","24","1","5","270","4980","3","593","0","0","25","nle.2693400.2.ttyrec3.bz2","2","1083","1","Mon","Hum","Mal","Neu","killed by a bolt of lightning"
"52","990","9308","990","7524","1","36","22","3","5","244","6811","14","606","0","1","8","nle.2693387.3.ttyrec3.bz2","3","990","1","Mon","Hum","Mal","Neu","poisoned by a rotted wererat corpse"
"53","1419","15115","1419","11134","1","47","47","3","6","354","11227","3","498","0","6","22","nle.2693393.4.ttyrec3.bz2","4","1419","1","Mon","Hum","Mal","Neu","quit"
"54","10473","52992","10473","25329","2","74","51","10","9","2596","24270","483","971","0","0","98","nle.2693388.2.ttyrec3.bz2","2","10473","2","Mon","Hum","Mal","Neu","killed by a dog while fainted from lack of food"
"55","8681","35217","8681","23302","3","60","57","6","8","2045","22705","677","1956","0","0","30","nle.2693399.3.ttyrec3.bz2","3","8681","3","Mon","Hum","Mal","Neu","quit"
"56","76","817","76","479","1","15","5","4","1","19","1686","0","413","0","2","2","nle.2693388.3.ttyrec3.bz2","3","76","1","Mon","Hum","Mal","Neu","choked on a food ration"
"57","594","5052","594","3954","1","33","26","3","4","146","3207","10","526","0","0","41","nle.2693397.5.ttyrec3.bz2","5","594","1","Mon","Hum","Mal","Neu","quit"
"58","15958","46144","15958","28481","7","68","74","1","10","6202","28363","1512","3553","0","38","175","nle.2693389.2.ttyrec3.bz2","2","15958","7","Mon","Hum","Mal","Neu","killed by an ogre"
"59","6572","28892","6572","18796","3","47","38","3","8","1594","18134","162","1300","0","1","24","nle.2693392.3.ttyrec3.bz2","3","6572","3","Mon","Hum","Mal","Neu","killed by a bolt of fire"
"60","1656","14253","1656","10915","1","43","25","3","6","409","10522","10","452","0","9","22","nle.2693452.3.ttyrec3.bz2","3","1656","1","Mon","Hum","Mal","Neu","quit"
"61","2087","14041","2087","11373","1","47","25","3","6","335","9355","3","454","0","0","9","nle.2693401.2.ttyrec3.bz2","2","2087","1","Mon","Hum","Mal","Neu","killed by a hobgoblin while fainted from lack of food"
"62","10224","33307","10224","21122","2","65","45","0","8","2535","21448","1582","1186","0","9","15","nle.2693391.2.ttyrec3.bz2","2","10224","2","Mon","Hum","Mal","Neu","poisoned by a rotted gnome corpse"
"63","8468","52533","8468","28988","4","55","61","2","8","2048","28150","276","1235","0","3","49","nle.2693396.2.ttyrec3.bz2","2","8468","4","Mon","Hum","Mal","Neu","quit"
"64","1005","11567","1005","6527","1","41","32","4","5","244","5780","19","715","0","1","4","nle.2693392.4.ttyrec3.bz2","4","1005","1","Mon","Hum","Mal","Neu","poisoned by a rotted kobold corpse"
"65","2662","25016","2662","19175","1","49","36","3","7","663","18243","28","698","0","31","64","nle.2693394.6.ttyrec3.bz2","6","2662","1","Mon","Hum","Mal","Neu","killed by a hill orc while fainted from lack of food"
"66","5523","34194","5523","25458","2","60","48","0","8","1280","24251","43","1180","0","15","70","nle.2693390.2.ttyrec3.bz2","2","5523","2","Mon","Hum","Mal","Neu","killed by a fox while fainted from lack of food"
"67","1774","14950","1774","11171","1","42","40","3","6","441","10447","0","457","0","6","28","nle.2693389.3.ttyrec3.bz2","3","1774","1","Mon","Hum","Mal","Neu","quit"
"68","420","4588","420","3250","1","31","22","3","4","103","3182","8","535","0","1","4","nle.2693392.5.ttyrec3.bz2","5","420","1","Mon","Hum","Mal","Neu","killed by a gas spore's explosion"
"69","9225","30232","9225","19083","2","63","27","2","8","2280","18528","669","987","0","18","60","nle.2693398.5.ttyrec3.bz2","5","9225","2","Mon","Hum","Mal","Neu","poisoned by a rotted hill orc corpse"
"70","2006","14682","2006","10344","1","59","39","3","6","501","10080","2","430","0","0","70","nle.2693401.3.ttyrec3.bz2","3","2006","1","Mon","Hum","Mal","Neu","quit"
"71","3720","30870","3720","20005","1","56","59","1","7","651","18805","104","614","0","23","41","nle.2693395.5.ttyrec3.bz2","5","3720","1","Mon","Hum","Mal","Neu","killed by a hobbit while fainted from lack of food"
"72","3792","24405","3792","16196","1","49","39","1","7","948","15286","72","513","0","16","44","nle.2693393.5.ttyrec3.bz2","5","3792","1","Mon","Hum","Mal","Neu","quit"
"73","4331","22977","4331","15892","1","56","35","0","7","1067","15853","63","517","0","0","69","nle.2693388.4.ttyrec3.bz2","4","4331","1","Mon","Hum","Mal","Neu","poisoned by a rotted glob of gray ooze"
"74","211","3174","211","1471","1","29","23","3","3","50","2583","11","536","0","0","3","nle.2693398.6.ttyrec3.bz2","6","211","1","Mon","Hum","Mal","Neu","choked on a food ration"
"75","13525","22898","13525","13402","3","59","52","5","9","3208","13622","665","1775","0","0","323","nle.2693397.6.ttyrec3.bz2","6","13525","5","Mon","Hum","Mal","Neu","killed by a wand"
"76","5238","29235","5238","18806","1","62","35","3","8","1291","18572","180","548","0","5","47","nle.2693400.3.ttyrec3.bz2","3","5238","1","Mon","Hum","Mal","Neu","poisoned by a rotted rothe corpse"
"77","4649","29726","4649","18579","1","45","45","4","7","1019","18395","585","471","0","20","69","nle.2693399.4.ttyrec3.bz2","4","4649","1","Mon","Hum","Mal","Neu","quit"
"78","7607","31533","7607","20772","3","60","41","2","8","1833","19968","483","1217","0","47","142","nle.2693387.4.ttyrec3.bz2","4","7607","3","Mon","Hum","Mal","Neu","quit"
"79","1311","13266","1311","10881","1","31","25","3","5","319","8931","11","552","0","3","29","nle.2693392.6.ttyrec3.bz2","6","1311","1","Mon","Hum","Mal","Neu","killed by a manes while fainted from lack of food"
"80","3827","20033","3827","13299","3","49","44","3","7","927","13092","217","1135","0","0","61","nle.2693390.3.ttyrec3.bz2","3","3827","3","Mon","Hum","Mal","Neu","quit"
"81","1522","14832","1522","9568","1","47","31","3","6","378","9397","0","570","0","33","71","nle.2693398.7.ttyrec3.bz2","7","1522","1","Mon","Hum","Mal","Neu","quit"
"82","2481","20461","2481","14036","1","36","25","10","5","319","13685","15","540","0","4","12","nle.2693389.4.ttyrec3.bz2","4","2481","1","Mon","Hum","Mal","Neu","killed by a manes while fainted from lack of food"
"83","8575","32628","8575","20557","3","60","45","4","8","2103","19952","1251","1522","0","0","59","nle.2693391.3.ttyrec3.bz2","3","8575","3","Mon","Hum","Mal","Neu","killed by a Mordor orc while frozen by a potion"
"84","2817","20468","2817","13990","1","41","28","4","7","702","13536","9","564","0","0","53","nle.2693388.5.ttyrec3.bz2","5","2817","1","Mon","Hum","Mal","Neu","poisoned by a rotted giant rat corpse while helpless"
"85","2123","19393","2130","13478","1","45","39","3","6","526","12670","9","545","0","5","39","nle.2693397.7.ttyrec3.bz2","7","2123","1","Mon","Hum","Mal","Neu","poisoned by a rotted brown mold corpse"
"86","2415","21353","2415","15191","1","40","17","3","6","598","13160","13","618","0","7","27","nle.2693393.6.ttyrec3.bz2","6","2415","1","Mon","Hum","Mal","Neu","died of starvation while fainted"
"88","7946","31850","7946","22310","6","60","50","0","8","1899","21881","94","2697","0","7","100","nle.2693394.7.ttyrec3.bz2","7","7946","6","Mon","Hum","Mal","Neu","poisoned by a rotted jaguar corpse while helpless"
"89","5864","27578","5864","19333","1","61","48","-1","8","1331","18145","40","617","0","2","34","nle.2693395.6.ttyrec3.bz2","6","5864","1","Mon","Hum","Mal","Neu","killed by a hill orc while fainted from lack of food"
"90","627","4639","627","3701","1","43","15","4","4","152","3674","19","636","0","2","3","nle.2693397.8.ttyrec3.bz2","8","627","1","Mon","Hum","Mal","Neu","quit"
"91","6330","28335","6330","18253","2","46","40","1","8","1521","17695","218","1068","0","19","82","nle.2693401.4.ttyrec3.bz2","4","6330","2","Mon","Hum","Mal","Neu","killed by Mr. Asidonhopo; the shopkeeper"
"92","4698","26123","4698","16998","3","55","34","3","7","1138","16774","46","1461","0","5","40","nle.2693400.4.ttyrec3.bz2","4","4698","3","Mon","Hum","Mal","Neu","killed by a hill orc while frozen by a potion"
"93","732","7212","732","6007","1","36","26","-4","4","159","4559","4","494","0","4","12","nle.2693393.7.ttyrec3.bz2","7","732","1","Mon","Hum","Mal","Neu","died of starvation while fainted"
"94","3765","20150","3765","12966","1","51","28","3","6","639","11953","7","511","0","0","51","nle.2693392.7.ttyrec3.bz2","7","3765","1","Mon","Hum","Mal","Neu","killed by a large kobold while fainted from lack of food"
"95","4106","30753","4106","20123","1","47","38","2","7","1017","19843","56","513","0","12","32","nle.2693399.5.ttyrec3.bz2","5","4106","1","Mon","Hum","Mal","Neu","poisoned by a rotted large kobold corpse while helpless"
"96","3132","19756","3132","14780","1","42","39","3","7","779","13883","6","606","0","2","198","nle.2693389.5.ttyrec3.bz2","5","3132","1","Mon","Hum","Mal","Neu","poisoned by a rotted large kobold corpse while helpless"
"97","2345","18402","2345","13720","1","4","25","7","6","585","12367","5","696","0","10","29","nle.2693388.6.ttyrec3.bz2","6","2345","1","Mon","Hum","Mal","Neu","died of starvation while fainted"
"98","5688","27156","5688","19450","1","59","40","1","8","1330","18221","216","502","0","3","84","nle.2693390.4.ttyrec3.bz2","4","5688","1","Mon","Hum","Mal","Neu","killed by an orc zombie while fainted from lack of food"
"99","2712","22012","2712","13875","1","51","50","4","7","675","13973","12","630","0","3","23","nle.2693391.4.ttyrec3.bz2","4","2712","1","Mon","Hum","Mal","Neu","quit"
"100","11327","37048","11327","21767","4","73","51","1","9","2760","21504","473","2060","0","0","224","nle.2693387.5.ttyrec3.bz2","5","11327","4","Mon","Hum","Mal","Neu","killed by a rothe"
"101","2337","20865","2337","12640","1","39","24","4","6","581","12633","13","477","0","0","18","nle.2693394.8.ttyrec3.bz2","8","2337","1","Mon","Hum","Mal","Neu","poisoned by a rotted coyote corpse"
"102","4410","22781","4410","16442","1","49","47","1","7","1087","16060","124","656","0","18","41","nle.2693398.9.ttyrec3.bz2","9","4410","1","Mon","Hum","Mal","Neu","killed by a hill orc while frozen by a potion"
"103","2351","19577","2351","14000","1","53","42","3","6","587","13968","3","554","0","9","57","nle.2693395.7.ttyrec3.bz2","7","2351","1","Mon","Hum","Mal","Neu","poisoned by a rotted jackal corpse"
"104","2655","19696","2655","13508","1","48","42","3","7","661","13071","11","496","0","6","28","nle.2693397.9.ttyrec3.bz2","9","2655","1","Mon","Hum","Mal","Neu","poisoned by a rotted newt corpse"
"105","18698","64229","18698","34898","5","65","43","5","9","4508","34573","658","2226","0","3","192","nle.2693452.4.ttyrec3.bz2","4","18698","5","Mon","Hum","Mal","Neu","killed by a Green-elf"
"106","22237","59605","22237","33714","4","80","56","-1","10","5359","33152","3407","3135","0","6","78","nle.2693396.3.ttyrec3.bz2","3","22237","4","Mon","Hum","Mal","Neu","killed by a hallucinogen-distorted gnome"
"107","4883","23827","4883","15818","1","58","41","1","7","1213","16144","949","547","0","0","38","nle.2693401.5.ttyrec3.bz2","5","4883","1","Mon","Hum","Mal","Neu","poisoned by a rotted centipede corpse"
"108","330","3996","330","3058","1","20","12","6","3","78","2315","18","663","0","0","4","nle.2693397.10.ttyrec3.bz2","10","330","1","Mon","Hum","Mal","Neu","poisoned by a rotted giant rat corpse"
"109","3684","23564","3684","15170","1","60","42","6","7","921","14235","30","496","0","11","32","nle.2693393.8.ttyrec3.bz2","8","3684","1","Mon","Hum","Mal","Neu","killed by a pony while fainted from lack of food"
"110","1692","11284","1692","9543","1","39","36","0","6","421","7777","8","461","0","5","40","nle.2693387.6.ttyrec3.bz2","6","1692","1","Mon","Hum","Mal","Neu","killed by a dwarf zombie while fainted from lack of food"
"111","1779","16089","1779","12920","1","41","37","3","6","320","10837","7","490","0","57","119","nle.2693388.7.ttyrec3.bz2","7","1779","1","Mon","Hum","Mal","Neu","killed by a gnome while fainted from lack of food"
"112","479","6873","479","5714","1","30","26","-1","3","79","4528","7","487","0","3","8","nle.2693396.4.ttyrec3.bz2","4","479","1","Mon","Hum","Mal","Neu","killed by a newt while fainted from lack of food"
"113","2305","18811","2305","13690","1","46","36","3","6","322","11488","5","467","0","5","26","nle.2693394.9.ttyrec3.bz2","9","2305","1","Mon","Hum","Mal","Neu","died of starvation while fainted"
"114","4164","28460","4164","16165","1","43","39","3","7","1041","16284","28","623","0","1","50","nle.2693389.6.ttyrec3.bz2","6","4164","1","Mon","Hum","Mal","Neu","poisoned by a rotted glob of gray ooze"
"115","2172","14466","2172","10864","1","53","34","2","6","543","10326","778","539","0","1","38","nle.2693393.9.ttyrec3.bz2","9","2172","1","Mon","Hum","Mal","Neu","quit"
"116","4258","33297","4258","20382","1","52","48","5","7","1062","19817","32","652","0","1","3","nle.2693399.6.ttyrec3.bz2","6","4258","1","Mon","Hum","Mal","Neu","quit"
"117","7830","40663","7830","26551","3","50","48","0","8","1834","25683","1614","1481","0","13","115","nle.2693392.8.ttyrec3.bz2","8","7830","3","Mon","Hum","Mal","Neu","killed by a dog while fainted from lack of food"
"118","4306","26469","4306","19381","1","37","32","3","5","319","17326","212","666","0","12","24","nle.2693395.8.ttyrec3.bz2","8","4306","1","Mon","Hum","Mal","Neu","died of starvation while fainted"
"119","3932","32764","3932","18296","1","52","49","4","7","983","17869","20","537","0","0","52","nle.2693390.5.ttyrec3.bz2","5","3932","1","Mon","Hum","Mal","Neu","poisoned by a rotted giant rat corpse"
"120","2566","19137","2566","14230","1","50","40","3","6","330","13264","16","518","0","19","97","nle.2693396.5.ttyrec3.bz2","5","2566","1","Mon","Hum","Mal","Neu","killed by a giant rat"
"122","5735","22973","5735","16457","2","57","34","3","8","1390","15832","225","904","0","0","48","nle.2693387.7.ttyrec3.bz2","7","5735","2","Mon","Hum","Mal","Neu","quit"
"123","272","2432","272","1714","1","29","27","3","3","68","1209","0","377","0","0","1","nle.2693389.8.ttyrec3.bz2","8","272","1","Mon","Hum","Mal","Neu","quit"
"124","4234","29119","4234","19489","1","64","40","1","7","1056","18620","76","675","0","6","79","nle.2693401.6.ttyrec3.bz2","6","4234","1","Mon","Hum","Mal","Neu","quit"
"125","2393","18390","2393","14090","1","49","38","2","6","597","13576","5","669","0","0","20","nle.2693394.10.ttyrec3.bz2","10","2393","1","Mon","Hum","Mal","Neu","quit"
"126","18654","55040","18654","33611","5","73","57","0","9","4380","33247","3960","3155","0","26","225","nle.2693400.5.ttyrec3.bz2","5","18654","6","Mon","Hum","Mal","Neu","killed by a yeti"
"127","12867","40521","12867","28211","7","75","58","2","9","3125","27555","561","3012","0","5","62","nle.2693398.10.ttyrec3.bz2","10","12867","7","Mon","Hum","Mal","Neu","killed by a hallucinogen-distorted Green-elf"
"128","1410","15194","1410","7431","1","47","33","1","6","348","7085","18","591","0","0","14","nle.2693395.9.ttyrec3.bz2","9","1410","1","Mon","Hum","Mal","Neu","killed by a little dog"
"129","3057","18834","3057","12367","1","55","39","4","7","761","11973","13","617","0","0","6","nle.2693393.10.ttyrec3.bz2","10","3057","1","Mon","Hum","Mal","Neu","quit"
"130","1911","12478","1911","9183","2","52","26","1","6","461","8697","17","711","0","0","10","nle.2693401.7.ttyrec3.bz2","7","1911","2","Mon","Hum","Mal","Neu","killed by a werejackal"
"131","10024","40177","10024","26320","3","61","47","-1","8","2481","26552","248","1624","0","1","16","nle.2693397.11.ttyrec3.bz2","11","10024","3","Mon","Hum","Mal","Neu","killed by a Mordor orc"
"132","2509","22067","2509","13701","1","55","47","3","6","623","12976","7","524","0","0","22","nle.2693390.6.ttyrec3.bz2","6","2509","1","Mon","Hum","Mal","Neu","killed by a hobbit"
"133","3869","26339","3869","15878","1","55","44","3","7","965","14935","47","510","0","4","83","nle.2693399.7.ttyrec3.bz2","7","3869","1","Mon","Hum","Mal","Neu","killed by a rothe while fainted from lack of food"
"134","2154","15184","2154","12640","1","42","44","3","6","325","11206","10","592","0","50","81","nle.2693389.9.ttyrec3.bz2","9","2154","1","Mon","Hum","Mal","Neu","killed by a sewer rat while fainted from lack of food"
"135","1836","14211","1836","11051","1","49","34","3","6","454","9930","10","661","0","1","4","nle.2693394.11.ttyrec3.bz2","11","1836","1","Mon","Hum","Mal","Neu","killed by a cave spider while fainted from lack of food"
"137","20397","53046","20397","31416","8","61","67","1","9","4971","30934","5057","4132","0","0","88","nle.2693452.5.ttyrec3.bz2","5","20397","8","Mon","Hum","Mal","Neu","killed by a leocrotta"
"138","15268","48483","15268","27530","5","84","50","10","9","3683","27090","708","3422","0","0","93","nle.2693388.8.ttyrec3.bz2","8","15268","5","Mon","Hum","Mal","Neu","quit"
"139","1935","13223","1935","9674","1","45","36","3","6","482","9645","7","599","0","4","34","nle.2693401.8.ttyrec3.bz2","8","1935","1","Mon","Hum","Mal","Neu","quit"
"140","3236","23808","3236","16513","1","45","53","3","7","809","16457","42","511","0","5","24","nle.2693395.10.ttyrec3.bz2","10","3236","1","Mon","Hum","Mal","Neu","quit"
"141","6895","29117","6895","19788","4","55","44","-2","8","1658","19141","93","2096","0","2","68","nle.2693400.6.ttyrec3.bz2","6","6895","4","Mon","Hum","Mal","Neu","killed by a fire ant while frozen by a potion"
"142","27297","66291","27297","35945","3","64","66","-1","10","6680","35846","1651","3855","0","0","284","nle.2693391.5.ttyrec3.bz2","5","27297","5","Mon","Hum","Mal","Neu","poisoned by a rotted garter snake corpse"
"143","1474","13440","1474","9433","1","43","38","2","6","365","9385","14","597","0","1","27","nle.2693452.6.ttyrec3.bz2","6","1474","1","Mon","Hum","Mal","Neu","quit"
"144","6658","34717","6658","20851","3","60","47","1","8","1617","20052","176","1558","0","2","150","nle.2693387.8.ttyrec3.bz2","8","6658","3","Mon","Hum","Mal","Neu","killed by a bat"
"145","2750","20027","2750","16489","1","52","56","3","7","659","14382","8","633","0","1","3","nle.2693397.12.ttyrec3.bz2","12","2750","1","Mon","Hum","Mal","Neu","killed by a dwarf while fainted from lack of food"
"146","5983","43605","5983","26407","1","12","51","7","8","1457","25283","607","719","0","15","54","nle.2693392.9.ttyrec3.bz2","9","5983","1","Mon","Hum","Mal","Neu","died of starvation while fainted"
"147","2038","16312","2038","13370","1","45","40","3","6","329","11258","14","584","0","23","32","nle.2693394.13.ttyrec3.bz2","13","2038","1","Mon","Hum","Mal","Neu","died of starvation while fainted"
"148","1393","12660","1393","9314","1","58","31","4","6","347","8659","5","599","0","7","11","nle.2693388.9.ttyrec3.bz2","9","1393","1","Mon","Hum","Mal","Neu","poisoned by a rotted gnome corpse"
"149","5520","28618","5520","20613","2","64","38","2","8","1320","20327","298","925","0","5","50","nle.2693393.11.ttyrec3.bz2","11","5520","2","Mon","Hum","Mal","Neu","killed by Ms. Enniscorthy; the shopkeeper"
"150","8021","42313","8021","26264","3","61","47","9","8","1953","25968","429","1926","0","34","145","nle.2693396.6.ttyrec3.bz2","6","8021","3","Mon","Hum","Mal","Neu","quit"
"151","969","10439","969","7628","1","32","28","5","5","233","7709","27","562","0","5","24","nle.2693391.6.ttyrec3.bz2","6","969","1","Mon","Hum","Mal","Neu","quit"
"152","1258","10565","1258","8749","1","35","36","3","5","160","7317","16","533","0","0","6","nle.2693397.13.ttyrec3.bz2","13","1258","1","Mon","Hum","Mal","Neu","killed by a jackal while fainted from lack of food"
"153","2188","12759","2188","9835","1","54","30","3","6","547","9564","0","446","0","1","28","nle.2693395.11.ttyrec3.bz2","11","2188","1","Mon","Hum","Mal","Neu","quit"
"154","4102","30343","4102","21125","1","52","45","-1","7","971","20627","224","518","0","2","5","nle.2693399.8.ttyrec3.bz2","8","4102","1","Mon","Hum","Mal","Neu","killed by a hill orc"
"155","5838","33766","5838","24040","2","57","43","2","8","1414","23176","186","1003","0","5","63","nle.2693390.7.ttyrec3.bz2","7","5838","2","Mon","Hum","Mal","Neu","killed by Ms. Wonotobo; the shopkeeper"
"156","415","4041","415","3273","1","28","20","3","4","102","3297","7","503","0","0","0","nle.2693390.8.ttyrec3.bz2","8","415","1","Mon","Hum","Mal","Neu","poisoned by a rotted newt corpse while helpless"
"157","2670","16690","2670","12201","1","8","51","7","7","662","11561","12","520","0","0","0","nle.2693388.10.ttyrec3.bz2","10","2670","1","Mon","Hum","Mal","Neu","died of starvation while fainted"
"158","3702","19905","3702","14852","1","49","34","1","7","913","14581","50","579","0","0","11","nle.2693394.14.ttyrec3.bz2","14","3702","1","Mon","Hum","Mal","Neu","poisoned by a rotted rock piercer corpse"
"159","3630","23236","3630","15619","1","46","54","3","7","900","16838","48","530","0","1","40","nle.2693452.7.ttyrec3.bz2","7","3630","1","Mon","Hum","Mal","Neu","choked on a lembas wafer"
"160","1196","12153","1196","10216","1","36","45","3","5","161","8231","8","634","0","29","44","nle.2693397.14.ttyrec3.bz2","14","1196","1","Mon","Hum","Mal","Neu","died of starvation while praying"
"161","4212","25752","4212","18568","1","39","39","3","7","1046","18582","28","634","0","14","96","nle.2693400.7.ttyrec3.bz2","7","4212","1","Mon","Hum","Mal","Neu","poisoned by a rotted dwarf corpse"
"162","5710","32770","5710","19472","2","65","39","1","8","1415","19304","56","1106","0","3","53","nle.2693401.9.ttyrec3.bz2","9","5710","2","Mon","Hum","Mal","Neu","quit"
"163","324","3430","324","2627","1","31","20","3","4","81","2385","0","652","0","5","8","nle.2693394.15.ttyrec3.bz2","15","324","1","Mon","Hum","Mal","Neu","quit"
"164","2225","20837","2225","15531","1","10","36","6","6","330","13473","9","519","0","53","128","nle.2693396.7.ttyrec3.bz2","7","2225","1","Mon","Hum","Mal","Neu","died of starvation while fainted"
"165","10062","41779","10062","27249","3","62","31","1","8","2454","26498","206","1427","0","13","112","nle.2693389.10.ttyrec3.bz2","10","10062","3","Mon","Hum","Mal","Neu","poisoned by a rotted elf corpse while helpless"
"166","14003","53509","14003","30307","3","68","56","1","9","3435","30315","1515","2101","0","9","116","nle.2693398.11.ttyrec3.bz2","11","14003","3","Mon","Hum","Mal","Neu","killed by a Woodland-elf"
"167","1915","15868","1915","11440","1","40","36","3","6","477","9810","7","549","0","1","12","nle.2693395.12.ttyrec3.bz2","12","1915","1","Mon","Hum","Mal","Neu","killed by a dwarf zombie while fainted from lack of food"
"168","1107","3901","1107","1843","6","39","39","3","5","181","1364","83","1612","0","1","21","nle.2693401.10.ttyrec3.bz2","10","1107","7","Mon","Hum","Mal","Neu","killed by a werewolf"
"169","2937","25666","2937","20347","1","66","44","3","7","727","19566","19","652","0","62","148","nle.2693393.12.ttyrec3.bz2","12","2937","1","Mon","Hum","Mal","Neu","poisoned by a rotted giant rat corpse"
"170","20","165","20","27","1","16","4","4","1","5","0","0","42","0","0","0","nle.2693393.13.ttyrec3.bz2","13","20","1","Mon","Hum","Mal","Neu","killed by a falling rock"
"171","1239","8852","1239","6150","2","37","27","4","5","286","5395","45","1051","0","5","11","nle.2693397.15.ttyrec3.bz2","15","1239","2","Mon","Hum","Mal","Neu","killed by Yeenoghu while being terrified of a demon"
"172","1246","14008","1246","8099","1","41","25","3","5","307","7204","8","637","0","0","0","nle.2693390.9.ttyrec3.bz2","9","1246","1","Mon","Hum","Mal","Neu","killed by an iguana while fainted from lack of food"
"173","3166","21710","3166","16924","1","48","43","0","7","640","14908","40","634","0","2","5","nle.2693391.7.ttyrec3.bz2","7","3166","1","Mon","Hum","Mal","Neu","killed by a hobbit while fainted from lack of food"
"174","568","4574","568","3479","1","35","16","0","4","138","3166","16","543","0","2","4","nle.2693390.10.ttyrec3.bz2","10","568","1","Mon","Hum","Mal","Neu","poisoned by a rotted gnome corpse"
"175","5970","26589","5970","16454","2","48","46","4","8","1454","15621","124","1069","0","0","100","nle.2693399.9.ttyrec3.bz2","9","5970","2","Mon","Hum","Mal","Neu","killed by Ms. Wonotobo; the shopkeeper"
"176","4422","20061","4422","14503","1","62","55","-4","7","1103","13989","160","637","0","0","12","nle.2693388.11.ttyrec3.bz2","11","4422","1","Mon","Hum","Mal","Neu","quit"
"177","1768","13133","1768","9359","1","44","34","10","6","442","8381","0","619","0","0","5","nle.2693389.11.ttyrec3.bz2","11","1768","1","Mon","Hum","Mal","Neu","killed by a large kobold while fainted from lack of food"
"178","1530","12348","1530","9123","1","46","29","3","6","351","9034","126","560","0","1","68","nle.2693393.14.ttyrec3.bz2","14","1530","1","Mon","Hum","Mal","Neu","poisoned by a rotted garter snake corpse"
"179","11186","44494","11186","30168","4","68","60","2","9","2723","29563","442","1950","0","12","106","nle.2693387.9.ttyrec3.bz2","9","11186","4","Mon","Hum","Mal","Neu","killed by a white unicorn"
"180","705","8129","708","5841","1","36","31","4","5","171","5503","21","522","0","2","13","nle.2693389.12.ttyrec3.bz2","12","705","1","Mon","Hum","Mal","Neu","poisoned by a rotted brown mold corpse while helpless"
"181","1557","12734","1557","9802","1","51","44","10","6","383","8762","5","687","0","2","5","nle.2693399.10.ttyrec3.bz2","10","1557","1","Mon","Hum","Mal","Neu","killed by a hobgoblin while fainted from lack of food"
"182","5658","28598","5658","21595","1","63","52","5","8","1370","21676","168","650","0","2","84","nle.2693400.8.ttyrec3.bz2","8","5658","1","Mon","Hum","Mal","Neu","poisoned by a rotted giant bat corpse while helpless"
"183","3392","25270","3392","15205","1","53","39","1","7","843","14200","10","604","0","1","22","nle.2693395.13.ttyrec3.bz2","13","3392","1","Mon","Hum","Mal","Neu","killed by a giant bat while fainted from lack of food"
"184","9898","50340","9898","30317","2","61","49","2","8","2457","29862","1130","935","0","15","105","nle.2693392.10.ttyrec3.bz2","10","9898","2","Mon","Hum","Mal","Neu","quit"
"185","7517","30994","7517","18353","4","52","40","1","8","1789","17660","171","1982","0","0","16","nle.2693452.8.ttyrec3.bz2","8","7517","4","Mon","Hum","Mal","Neu","killed by an orc zombie"
"187","523","4998","523","3759","1","39","23","3","4","130","3298","3","550","0","1","9","nle.2693392.11.ttyrec3.bz2","11","523","1","Mon","Hum","Mal","Neu","quit"
"188","1142","9149","1142","6701","1","48","33","3","5","284","6249","6","483","0","5","24","nle.2693400.9.ttyrec3.bz2","9","1142","1","Mon","Hum","Mal","Neu","quit"
"189","2734","10983","2734","7321","5","46","48","5","6","629","6647","8","2517","0","7","40","nle.2693399.11.ttyrec3.bz2","11","2734","5","Mon","Hum","Mal","Neu","quit"
"190","9631","41001","9631","26017","2","48","59","4","8","2387","25530","1061","907","0","28","412","nle.2693394.16.ttyrec3.bz2","16","9631","2","Mon","Hum","Mal","Neu","killed by a wand"
"191","1530","16984","1530","14360","1","51","41","3","6","323","12325","6","629","0","4","10","nle.2693389.13.ttyrec3.bz2","13","1530","1","Mon","Hum","Mal","Neu","killed by a goblin while fainted from lack of food"
"192","5457","37835","5457","20498","1","63","45","3","8","1350","18875","57","496","0","6","107","nle.2693401.11.ttyrec3.bz2","11","5457","1","Mon","Hum","Mal","Neu","killed by a fox while fainted from lack of food"
"193","8930","42071","8930","24059","4","63","50","3","8","2146","23390","546","1760","0","15","109","nle.2693398.12.ttyrec3.bz2","12","8930","4","Mon","Hum","Mal","Neu","quit"
"194","1898","15000","1898","10240","1","47","27","4","6","472","9850","746","608","0","0","23","nle.2693392.12.ttyrec3.bz2","12","1898","1","Mon","Hum","Mal","Neu","poisoned by a rotted coyote corpse"
"195","8977","38368","8977","26643","3","64","48","0","8","2186","26227","275","1698","0","18","61","nle.2693391.8.ttyrec3.bz2","8","8977","3","Mon","Hum","Mal","Neu","quit"
"196","3604","19832","3604","13321","1","68","43","1","7","896","12588","16","643","0","3","25","nle.2693388.13.ttyrec3.bz2","13","3604","1","Mon","Hum","Mal","Neu","killed by a wand"
"198","4793","30344","4793","18362","1","54","46","1","7","1179","17408","97","653","0","7","99","nle.2693393.15.ttyrec3.bz2","15","4793","1","Mon","Hum","Mal","Neu","killed by a hill orc while fainted from lack of food"
"199","10165","39525","10165","29136","5","56","40","3","8","2393","27324","597","2465","0","9","35","nle.2693390.11.ttyrec3.bz2","11","10165","5","Mon","Hum","Mal","Neu","killed by an orc zombie while fainted from lack of food"
"200","16620","51816","16620","26110","6","72","48","1","9","3973","25762","860","3225","0","2","59","nle.2693396.8.ttyrec3.bz2","8","16620","6","Mon","Hum","Mal","Neu","quit"
"202","1830","18757","1830","14656","1","46","21","3","5","319","12804","12","639","0","12","39","nle.2693399.12.ttyrec3.bz2","12","1830","1","Mon","Hum","Mal","Neu","killed by a kobold while fainted from lack of food"
"203","330","2434","330","1510","1","40","22","3","4","82","1821","2","466","0","4","4","nle.2693392.15.ttyrec3.bz2","15","330","1","Mon","Hum","Mal","Neu","poisoned by a rotted sewer rat corpse"
"204","7270","31805","7270","22548","2","63","38","1","8","1787","22414","166","923","0","0","56","nle.2693395.14.ttyrec3.bz2","14","7270","2","Mon","Hum","Mal","Neu","poisoned by a rotted hill orc corpse"
"205","1609","13227","1609","10088","1","47","27","3","6","396","9350","15","375","0","19","45","nle.2693391.9.ttyrec3.bz2","9","1609","1","Mon","Hum","Mal","Neu","quit"
"206","11970","47982","11970","33387","3","75","48","4","9","2904","33058","702","1577","0","27","142","nle.2693387.10.ttyrec3.bz2","10","11970","3","Mon","Hum","Mal","Neu","poisoned by a rotted glob of gray ooze while helpless"
"207","1637","17376","1637","11703","1","41","42","3","6","403","11607","5","630","0","2","3","nle.2693390.12.ttyrec3.bz2","12","1637","1","Mon","Hum","Mal","Neu","killed by a kitten while frozen by a potion"
"208","5721","26544","5721","18148","1","69","54","0","8","1414","17835","1147","662","0","2","13","nle.2693389.14.ttyrec3.bz2","14","5721","1","Mon","Hum","Mal","Neu","poisoned by a rotted hill orc corpse while helpless"
"209","245","1626","245","929","2","31","13","4","3","41","910","31","958","0","1","2","nle.2693387.11.ttyrec3.bz2","11","245","2","Mon","Hum","Mal","Neu","killed by Ms. Wonotobo; the shopkeeper"
"210","1853","16522","1853","13244","1","40","37","3","6","458","12314","11","619","0","14","95","nle.2693396.9.ttyrec3.bz2","9","1853","1","Mon","Hum","Mal","Neu","poisoned by a rotted jackal corpse"
"211","8604","41410","8604","26871","3","62","49","-2","8","2072","26095","306","1596","0","8","80","nle.2693452.9.ttyrec3.bz2","9","8604","3","Mon","Hum","Mal","Neu","poisoned by a rotted jackal corpse"
"212","226","2092","226","1705","1","27","11","4","3","52","1788","18","581","0","0","0","nle.2693452.10.ttyrec3.bz2","10","226","1","Mon","Hum","Mal","Neu","poisoned by a rotted newt corpse"
"213","3738","22103","3738","14239","1","56","38","1","7","931","13883","14","574","0","1","22","nle.2693393.16.ttyrec3.bz2","16","3738","1","Mon","Hum","Mal","Neu","killed by a wererat"
"214","4226","24598","4226","17895","1","46","43","3","7","1054","17622","38","579","0","2","32","nle.2693388.14.ttyrec3.bz2","14","4226","1","Mon","Hum","Mal","Neu","quit"
"215","4483","34615","4483","23732","1","48","41","3","7","1089","23039","121","579","0","12","37","nle.2693401.12.ttyrec3.bz2","12","4483","1","Mon","Hum","Mal","Neu","killed by a wand"
"216","1280","10208","1280","9206","1","38","38","3","6","320","9222","708","539","0","0","2","nle.2693396.10.ttyrec3.bz2","10","1280","1","Mon","Hum","Mal","Neu","poisoned by a rotted newt corpse"
"217","7735","70090","7735","29576","3","65","40","0","8","1881","28455","175","1438","0","2","41","nle.2693397.16.ttyrec3.bz2","16","7735","3","Mon","Hum","Mal","Neu","killed by a dingo while fainted from lack of food"
"218","319","3254","319","2409","1","27","16","3","3","78","2353","7","546","0","4","7","nle.2693401.13.ttyrec3.bz2","13","319","1","Mon","Hum","Mal","Neu","quit"
"219","2691","24183","2691","16760","1","59","38","3","7","640","14573","7","548","0","10","61","nle.2693395.15.ttyrec3.bz2","15","2691","1","Mon","Hum","Mal","Neu","died of starvation while fainted"
"220","3048","20227","3048","13678","1","49","50","5","7","735","13780","108","558","0","0","41","nle.2693391.10.ttyrec3.bz2","10","3048","1","Mon","Hum","Mal","Neu","quit"
"221","1416","12360","1416","9673","1","44","40","3","6","354","9065","876","568","0","1","12","nle.2693452.11.ttyrec3.bz2","11","1416","1","Mon","Hum","Mal","Neu","quit"
"222","13918","43434","13918","28723","3","69","47","7","9","3423","28310","1604","1968","0","19","64","nle.2693394.17.ttyrec3.bz2","17","13918","3","Mon","Hum","Mal","Neu","killed by a fire ant"
"223","1588","14984","1588","11155","1","49","27","2","6","323","9022","20","575","0","10","18","nle.2693389.15.ttyrec3.bz2","15","1588","1","Mon","Hum","Mal","Neu","died of starvation"
"224","67","1747","67","1067","1","14","5","4","1","13","946","15","679","0","0","0","nle.2693391.11.ttyrec3.bz2","11","67","1","Mon","Hum","Mal","Neu","poisoned by a little dart"
"225","4414","29175","4416","16799","1","64","42","0","7","1099","16518","48","637","0","0","8","nle.2693392.16.ttyrec3.bz2","16","4414","1","Mon","Hum","Mal","Neu","quit"
"226","15795","50290","15795","28892","4","63","47","0","9","3810","28462","405","2308","0","0","105","nle.2693400.10.ttyrec3.bz2","10","15795","4","Mon","Hum","Mal","Neu","killed by a white unicorn"
"227","1597","21784","1597","10811","1","56","36","-4","6","393","11133","15","616","0","1","38","nle.2693390.13.ttyrec3.bz2","13","1597","1","Mon","Hum","Mal","Neu","killed by a manes while praying"
"228","14351","47100","14351","28222","5","82","46","2","9","3471","27520","2219","2439","0","1","74","nle.2693398.13.ttyrec3.bz2","13","14351","5","Mon","Hum","Mal","Neu","killed by an invisible Green-elf while frozen by a potion"
"229","2291","19509","2291","13657","1","42","36","4","6","567","13555","13","643","0","6","18","nle.2693393.17.ttyrec3.bz2","17","2291","1","Mon","Hum","Mal","Neu","killed by a bat"
"230","2092","13960","2092","11439","1","41","33","3","6","337","9968","16","713","0","0","31","nle.2693401.14.ttyrec3.bz2","14","2092","1","Mon","Hum","Mal","Neu","killed by a sewer rat while fainted from lack of food"
"231","4560","25803","4560","18346","1","47","38","1","7","1130","17633","1020","644","0","5","85","nle.2693387.12.ttyrec3.bz2","12","4560","1","Mon","Hum","Mal","Neu","poisoned by a rotted rock piercer corpse"
"232","958","13926","958","8934","1","29","18","-8","3","79","8535","16","551","0","1","9","nle.2693395.16.ttyrec3.bz2","16","958","1","Mon","Hum","Mal","Neu","killed by a giant rat while fainted from lack of food"
"233","13175","47948","13175","24576","3","66","63","0","9","3236","23778","799","2300","0","3","71","nle.2693399.13.ttyrec3.bz2","13","13175","3","Mon","Hum","Mal","Neu","poisoned by a rotted glob of gray ooze"
"234","4439","26227","4439","18347","1","56","35","1","7","1055","17364","639","559","0","0","28","nle.2693397.17.ttyrec3.bz2","17","4439","1","Mon","Hum","Mal","Neu","poisoned by a rotted hobgoblin corpse while helpless"
"235","3808","26525","3808","18549","1","67","35","5","7","952","18257","20","573","0","7","67","nle.2693400.11.ttyrec3.bz2","11","3808","1","Mon","Hum","Mal","Neu","quit"
"236","4454","26209","4454","17005","1","48","48","1","7","641","16012","94","371","0","1","17","nle.2693391.12.ttyrec3.bz2","12","4454","1","Mon","Hum","Mal","Neu","killed by a giant ant while fainted from lack of food"
"237","3858","24627","3858","17980","1","42","41","1","7","949","17959","160","542","0","9","100","nle.2693390.14.ttyrec3.bz2","14","3858","1","Mon","Hum","Mal","Neu","quit"
"238","10698","43531","10698","23836","2","75","52","0","9","2623","23684","732","1230","0","0","27","nle.2693388.15.ttyrec3.bz2","15","10698","2","Mon","Hum","Mal","Neu","killed by a bat while frozen by a monster's gaze"
"239","6886","35439","6886","22123","3","63","47","1","8","1984","20939","132","1082","0","91","225","nle.2693452.12.ttyrec3.bz2","12","6886","3","Mon","Hum","Mal","Neu","killed by a giant bat while fainted from lack of food"
"240","367","4358","367","2666","1","35","13","3","4","90","2263","7","444","0","0","9","nle.2693390.15.ttyrec3.bz2","15","367","1","Mon","Hum","Mal","Neu","quit"
"241","10128","36139","10128","24599","5","62","42","1","8","2462","24338","70","1984","0","33","86","nle.2693394.18.ttyrec3.bz2","18","10128","5","Mon","Hum","Mal","Neu","killed by a white unicorn"
"242","14192","43329","14192","26361","6","78","53","5","9","3409","26475","1690","3419","0","2","118","nle.2693396.11.ttyrec3.bz2","11","14192","6","Mon","Hum","Mal","Neu","killed by a fire ant while frozen by a potion"
"243","7177","38978","7177","26818","1","60","37","3","8","1296","24236","1369","530","0","2","15","nle.2693392.17.ttyrec3.bz2","17","7177","1","Mon","Hum","Mal","Neu","killed by a giant ant while fainted from lack of food"
"244","1179","12762","1179","8122","1","34","21","3","5","288","8103","17","428","0","4","26","nle.2693400.12.ttyrec3.bz2","12","1179","1","Mon","Hum","Mal","Neu","killed by an orcish dagger"
"245","5356","28393","5356","16885","1","66","54","2","8","1333","16239","78","469","0","0","59","nle.2693395.17.ttyrec3.bz2","17","5356","1","Mon","Hum","Mal","Neu","poisoned by a rotted hill orc corpse"
"246","10720","41396","10720","28234","3","67","50","5","9","2630","27735","482","1581","0","6","40","nle.2693389.16.ttyrec3.bz2","16","10720","3","Mon","Hum","Mal","Neu","poisoned by a rotted hobbit corpse"
"247","6848","37449","6848","23605","4","66","52","3","8","1654","22851","212","1677","0","5","31","nle.2693393.18.ttyrec3.bz2","18","6848","4","Mon","Hum","Mal","Neu","killed by a soldier ant"
"248","12275","45010","12275","28880","2","75","36","0","9","2865","28603","1177","1336","0","3","60","nle.2693398.14.ttyrec3.bz2","14","12275","3","Mon","Hum","Mal","Neu","killed by a dwarf"
"249","2709","20056","2709","14815","1","56","47","3","7","676","13967","5","474","0","9","79","nle.2693394.19.ttyrec3.bz2","19","2709","1","Mon","Hum","Mal","Neu","killed by strangulation"
"250","4954","24233","4954","12842","4","43","31","5","7","1183","12359","72","1739","0","5","14","nle.2693388.16.ttyrec3.bz2","16","4954","4","Mon","Hum","Mal","Neu","quit"
"251","3333","22389","3333","16518","1","54","46","3","7","830","15191","189","675","0","8","38","nle.2693390.16.ttyrec3.bz2","16","3333","1","Mon","Hum","Mal","Neu","killed by a little dog while fainted from lack of food"
"252","8680","40278","8680","28962","4","79","49","4","8","2008","28655","568","2656","0","9","41","nle.2693399.14.ttyrec3.bz2","14","8680","4","Mon","Hum","Mal","Neu","killed by a black unicorn"
"253","1292","11930","1292","8218","1","50","37","4","6","321","7883","8","483","0","10","58","nle.2693393.19.ttyrec3.bz2","19","1292","1","Mon","Hum","Mal","Neu","poisoned by a rotted brown mold corpse"
"254","3652","26559","3652","20950","1","49","43","1","7","644","18735","26","649","0","34","48","nle.2693452.13.ttyrec3.bz2","13","3652","1","Mon","Hum","Mal","Neu","died of starvation while fainted"
"255","346","3909","346","3138","1","35","23","4","4","82","3002","18","579","0","4","6","nle.2693393.20.ttyrec3.bz2","20","346","1","Mon","Hum","Mal","Neu","quit"
"256","3594","24076","3594","17758","1","41","31","3","7","879","16779","10","601","0","10","63","nle.2693400.13.ttyrec3.bz2","13","3594","1","Mon","Hum","Mal","Neu","killed by a hobbit while fainted from lack of food"
"257","9432","42222","9432","28462","3","57","43","10","8","2304","27662","1166","2190","0","11","52","nle.2693397.18.ttyrec3.bz2","18","9432","3","Mon","Hum","Mal","Neu","killed by a wand"
"258","22341","55058","22341","32671","5","90","49","0","10","5450","32570","417","4190","0","0","81","nle.2693387.13.ttyrec3.bz2","13","22341","5","Mon","Hum","Mal","Neu","poisoned by a rotted hill orc corpse"
"259","1481","15013","1481","10540","1","55","30","3","6","368","10334","9","518","0","10","17","nle.2693398.15.ttyrec3.bz2","15","1481","1","Mon","Hum","Mal","Neu","quit"
"260","12955","38584","12955","24897","6","57","45","-2","7","1279","23522","565","3911","0","28","144","nle.2693391.13.ttyrec3.bz2","13","12955","6","Mon","Hum","Mal","Neu","killed by a gnomish wizard while fainted from lack of food"
"261","6788","28794","6788","13907","3","65","43","5","8","1648","14051","190","2237","0","5","12","nle.2693395.18.ttyrec3.bz2","18","6788","4","Mon","Hum","Mal","Neu","killed by a wand while praying"
"262","3748","25136","3748","16886","1","50","28","2","7","937","16510","88","637","0","12","52","nle.2693389.17.ttyrec3.bz2","17","3748","1","Mon","Hum","Mal","Neu","quit"
"264","32","4852","32","3703","1","16","4","-2","1","0","2971","12","543","0","0","2","nle.2693398.16.ttyrec3.bz2","16","32","1","Mon","Hum","Mal","Neu","died of starvation while fainted"
"265","448","3644","448","2884","1","34","23","3","4","112","2463","0","413","0","3","11","nle.2693391.14.ttyrec3.bz2","14","448","1","Mon","Hum","Mal","Neu","killed by a wand"
"266","7912","35232","7912","23042","2","65","42","0","8","1939","22287","170","1195","0","17","49","nle.2693392.18.ttyrec3.bz2","18","7912","2","Mon","Hum","Mal","Neu","poisoned by a rotted killer bee corpse"
"267","6239","39249","6239","27870","2","53","50","2","8","1545","27683","83","823","0","58","468","nle.2693396.12.ttyrec3.bz2","12","6239","2","Mon","Hum","Mal","Neu","quit"
"268","1527","14011","1527","8545","1","41","39","3","6","378","8101","5","587","0","0","13","nle.2693387.14.ttyrec3.bz2","14","1527","1","Mon","Hum","Mal","Neu","killed by a hobbit"
"269","4014","25040","4014","14819","1","49","43","3","7","1001","14907","30","674","0","0","20","nle.2693388.17.ttyrec3.bz2","17","4014","1","Mon","Hum","Mal","Neu","quit"
"270","3788","23955","3788","14638","1","51","46","2","7","890","14741","228","631","0","0","32","nle.2693399.15.ttyrec3.bz2","15","3788","1","Mon","Hum","Mal","Neu","quit"
"271","1942","11321","1942","8409","1","52","41","3","6","483","8566","10","477","0","0","20","nle.2693391.15.ttyrec3.bz2","15","1942","1","Mon","Hum","Mal","Neu","poisoned by a rotted floating eye corpse"
"272","98","1218","98","924","1","19","10","4","2","22","392","10","310","0","2","3","nle.2693391.16.ttyrec3.bz2","16","98","1","Mon","Hum","Mal","Neu","poisoned by a rotted kobold corpse"
"273","281","4917","281","4081","1","23","15","6","2","39","3996","5","483","0","2","12","nle.2693399.16.ttyrec3.bz2","16","281","1","Mon","Hum","Mal","Neu","killed by a gas spore's explosion while helpless"
"274","839","7744","839","6301","1","34","26","3","5","205","4693","19","669","0","6","12","nle.2693387.15.ttyrec3.bz2","15","839","1","Mon","Hum","Mal","Neu","killed by a giant rat while fainted from lack of food"
"275","3708","18001","3708","10394","3","46","49","-3","7","874","9820","286","1573","0","0","57","nle.2693401.16.ttyrec3.bz2","16","3708","3","Mon","Hum","Mal","Neu","killed by a boulder"
"276","2348","13726","2351","5056","3","49","22","6","6","545","4952","120","1989","0","0","38","nle.2693392.19.ttyrec3.bz2","19","2348","4","Mon","Hum","Mal","Neu","killed by a giant ant while frozen by a monster's gaze"
"277","960","8477","960","6277","1","36","34","3","5","240","5533","700","589","0","17","29","nle.2693388.18.ttyrec3.bz2","18","960","1","Mon","Hum","Mal","Neu","killed by a guard"
"278","2806","20764","2806","12192","3","54","30","5","7","670","11952","26","867","0","3","43","nle.2693389.18.ttyrec3.bz2","18","2806","3","Mon","Hum","Mal","Neu","quit"
"279","8775","38265","8775","21367","2","50","53","3","8","2162","21309","131","1848","0","0","89","nle.2693394.20.ttyrec3.bz2","20","8775","3","Mon","Hum","Mal","Neu","quit"
"280","8364","38300","8364","25975","2","68","49","7","8","2039","24911","200","1096","0","27","159","nle.2693390.17.ttyrec3.bz2","17","8364","2","Mon","Hum","Mal","Neu","died of starvation while fainted"
"282","3249","26709","3249","16264","1","51","34","-3","7","811","15719","5","519","0","17","92","nle.2693395.19.ttyrec3.bz2","19","3249","1","Mon","Hum","Mal","Neu","killed by a kobold zombie while fainted from lack of food"
"283","10507","35912","10507","24192","4","54","44","0","8","2478","23125","883","1972","0","1","109","nle.2693452.14.ttyrec3.bz2","14","10507","4","Mon","Hum","Mal","Neu","killed by a gold golem while fainted from lack of food"
"284","5551","33364","5551","20007","1","45","45","2","8","1354","19361","355","464","0","4","101","nle.2693400.14.ttyrec3.bz2","14","5551","1","Mon","Hum","Mal","Neu","poisoned by a rotted glob of gray ooze while helpless"
"285","72","451","72","226","1","14","4","4","1","18","289","0","291","0","6","6","nle.2693400.15.ttyrec3.bz2","15","72","1","Mon","Hum","Mal","Neu","poisoned by a rotted jackal corpse"
"286","1240","9831","1240","7851","1","36","25","3","5","309","7852","4","542","0","5","17","nle.2693387.16.ttyrec3.bz2","16","1240","1","Mon","Hum","Mal","Neu","killed by a little dog"
"287","334","3449","334","2849","1","34","13","3","4","81","2774","10","583","0","0","4","nle.2693390.18.ttyrec3.bz2","18","334","1","Mon","Hum","Mal","Neu","quit"
"288","417","5596","417","3931","1","34","27","4","4","103","3678","5","511","0","1","1","nle.2693394.21.ttyrec3.bz2","21","417","1","Mon","Hum","Mal","Neu","poisoned by a rotted goblin corpse"
"289","5681","28421","5681","18760","1","55","54","0","8","1390","18805","257","497","0","1","16","nle.2693398.17.ttyrec3.bz2","17","5681","1","Mon","Hum","Mal","Neu","poisoned by a rotted hobgoblin corpse"
"290","528","4726","528","3805","1","34","24","3","4","132","3140","0","407","0","9","14","nle.2693397.20.ttyrec3.bz2","20","528","1","Mon","Hum","Mal","Neu","quit"
"291","774","6364","774","5131","1","36","20","1","5","188","4215","22","648","0","0","9","nle.2693395.20.ttyrec3.bz2","20","774","1","Mon","Hum","Mal","Neu","killed by a sewer rat while fainted from lack of food"
"292","432","4652","432","3904","1","39","27","4","4","108","3473","0","594","0","0","5","nle.2693394.22.ttyrec3.bz2","22","432","1","Mon","Hum","Mal","Neu","quit"
"293","6218","39665","6218","27655","2","56","41","-1","8","1542","26849","390","1141","0","16","41","nle.2693393.21.ttyrec3.bz2","21","6218","2","Mon","Hum","Mal","Neu","quit"
"294","4968","27577","4968","17697","1","57","52","3","7","1242","17216","112","562","0","0","137","nle.2693396.13.ttyrec3.bz2","13","4968","1","Mon","Hum","Mal","Neu","quit"
"295","2281","17057","2281","12307","1","40","31","3","6","566","11811","17","719","0","0","3","nle.2693388.19.ttyrec3.bz2","19","2281","1","Mon","Hum","Mal","Neu","poisoned by a rotted large kobold corpse"
"296","2473","19741","2473","13648","1","45","30","-2","6","613","13463","11","499","0","7","35","nle.2693392.20.ttyrec3.bz2","20","2473","1","Mon","Hum","Mal","Neu","killed by an orc zombie"
"297","1298","11814","1298","8509","1","34","30","3","5","319","8621","12","574","0","58","105","nle.2693400.16.ttyrec3.bz2","16","1298","1","Mon","Hum","Mal","Neu","quit"
"298","3928","23144","3928","14673","1","54","55","10","7","975","14043","8","364","0","5","13","nle.2693391.17.ttyrec3.bz2","17","3928","1","Mon","Hum","Mal","Neu","poisoned by a rotted giant ant corpse"
"299","1390","14097","1390","11898","2","48","29","3","6","335","10998","28","794","0","6","80","nle.2693387.17.ttyrec3.bz2","17","1390","2","Mon","Hum","Mal","Neu","killed by Ms. Kiltamagh; the shopkeeper"
"300","1224","8917","1224","6804","1","29","41","4","5","304","6914","8","633","0","0","34","nle.2693394.23.ttyrec3.bz2","23","1224","1","Mon","Hum","Mal","Neu","poisoned by a rotted giant rat corpse while helpless"
"301","829","8359","829","5824","1","35","23","-2","5","203","5820","17","605","0","0","9","nle.2693393.22.ttyrec3.bz2","22","829","1","Mon","Hum","Mal","Neu","killed by a hobgoblin"
"302","4196","27589","4196","19950","1","51","44","1","7","1044","19295","788","633","0","20","49","nle.2693397.21.ttyrec3.bz2","21","4196","1","Mon","Hum","Mal","Neu","poisoned by a rotted giant ant corpse"
"303","7201","42997","7201","29323","2","66","60","-3","8","1778","28609","551","1350","0","4","45","nle.2693399.17.ttyrec3.bz2","17","7201","2","Mon","Hum","Mal","Neu","killed by a kobold lord"
"304","6731","40595","6731","22940","1","53","45","3","8","1679","22267","201","597","0","0","3","nle.2693401.17.ttyrec3.bz2","17","6731","1","Mon","Hum","Mal","Neu","killed by a hill orc"
"305","11008","34781","11008","22444","5","70","36","2","8","2494","22128","1176","2815","0","1","83","nle.2693390.19.ttyrec3.bz2","19","11008","5","Mon","Hum","Mal","Neu","killed by a bolt of fire"
"306","4785","26947","4785","18439","4","48","39","3","7","1091","17619","221","1375","0","2","12","nle.2693388.20.ttyrec3.bz2","20","4785","4","Mon","Hum","Mal","Neu","killed by an Uruk-hai"
"308","4522","26469","4522","12591","4","51","43","6","7","1054","12374","126","2077","0","3","43","nle.2693400.17.ttyrec3.bz2","17","4522","4","Mon","Hum","Mal","Neu","killed by a giant ant"
"309","4700","28116","4700","18926","1","43","44","1","7","1173","19154","42","580","0","2","34","nle.2693387.18.ttyrec3.bz2","18","4700","1","Mon","Hum","Mal","Neu","quit"
"310","534","5076","534","3895","1","38","19","4","4","129","3867","8","669","0","1","2","nle.2693389.20.ttyrec3.bz2","20","534","1","Mon","Hum","Mal","Neu","quit"
"311","3277","30519","3280","20170","1","47","39","4","7","820","18996","39","542","0","9","27","nle.2693391.18.ttyrec3.bz2","18","3277","1","Mon","Hum","Mal","Neu","killed by a rothe while fainted from lack of food"
"312","7374","47451","7374","21277","2","45","49","3","8","1826","21054","96","948","0","0","71","nle.2693452.15.ttyrec3.bz2","15","7374","2","Mon","Hum","Mal","Neu","killed by a hill orc"
"313","10591","45775","10591","22773","5","60","48","2","8","2550","22348","445","2899","0","0","49","nle.2693398.18.ttyrec3.bz2","18","10591","5","Mon","Hum","Mal","Neu","killed by a fire ant"
"314","947","7254","947","5479","1","37","34","1","5","231","4710","23","555","0","1","44","nle.2693389.21.ttyrec3.bz2","21","947","1","Mon","Hum","Mal","Neu","quit"
"315","1491","15962","1491","11086","1","46","35","3","6","372","10141","3","630","0","4","9","nle.2693390.20.ttyrec3.bz2","20","1491","1","Mon","Hum","Mal","Neu","killed by a giant bat while fainted from lack of food"
"316","52","1174","52","539","1","14","4","4","1","13","451","0","621","0","0","0","nle.2693389.22.ttyrec3.bz2","22","52","1","Mon","Hum","Mal","Neu","quit"
"317","2368","20128","2368","14385","1","44","30","1","6","591","13889","4","547","0","5","23","nle.2693397.22.ttyrec3.bz2","22","2368","1","Mon","Hum","Mal","Neu","quit"
"318","14428","41560","14428","23650","8","63","54","6","9","3449","23328","252","2710","0","0","72","nle.2693392.21.ttyrec3.bz2","21","14428","8","Mon","Hum","Mal","Neu","killed by a shocking sphere"
"319","7435","39367","7435","22579","2","74","48","7","8","1790","22051","865","881","0","1","58","nle.2693394.24.ttyrec3.bz2","24","7435","2","Mon","Hum","Mal","Neu","killed by a wand"
"320","1131","12192","1131","8554","1","33","26","6","5","279","7406","15","531","0","6","19","nle.2693387.19.ttyrec3.bz2","19","1131","1","Mon","Hum","Mal","Neu","killed by a hobbit while fainted from lack of food"
"321","4722","53631","4722","23750","3","62","30","0","7","1133","22694","64","724","0","6","31","nle.2693395.21.ttyrec3.bz2","21","4722","3","Mon","Hum","Mal","Neu","killed by an iguana while fainted from lack of food"
"322","4290","24091","4290","16316","1","51","41","1","7","1064","15630","80","692","0","0","109","nle.2693400.18.ttyrec3.bz2","18","4290","1","Mon","Hum","Mal","Neu","quit"
"324","8028","33009","8028","21707","2","45","52","3","8","1906","21343","542","1114","0","0","31","nle.2693401.18.ttyrec3.bz2","18","8028","2","Mon","Hum","Mal","Neu","poisoned by a rotted hill orc corpse while helpless"
"325","8499","31274","8499","20592","4","53","54","0","8","2044","19709","159","1715","0","7","140","nle.2693388.21.ttyrec3.bz2","21","8499","4","Mon","Hum","Mal","Neu","killed by a dwarf lord"
"326","1999","20476","1999","13987","1","56","38","10","7","647","12738","17","708","0","1","17","nle.2693398.19.ttyrec3.bz2","19","1999","1","Mon","Hum","Mal","Neu","killed by a giant rat while fainted from lack of food"
"327","13638","61921","13638","33741","3","74","47","7","9","3382","32336","1962","1301","0","3","83","nle.2693396.14.ttyrec3.bz2","14","13638","3","Mon","Hum","Mal","Neu","killed by a rothe while frozen by a monster's gaze"
"328","1564","11703","1564","8611","1","41","22","3","6","386","7692","10","628","0","0","55","nle.2693395.22.ttyrec3.bz2","22","1564","1","Mon","Hum","Mal","Neu","killed by a dwarf zombie while fainted from lack of food"
"329","4490","29257","4490","21244","1","46","38","2","7","644","19406","238","556","0","5","21","nle.2693391.19.ttyrec3.bz2","19","4490","1","Mon","Hum","Mal","Neu","killed by a water elemental of Chih Sung-tzu while fainted from lack of food"
"330","14114","57387","14114","25492","3","85","65","1","9","2779","25798","3160","1248","0","0","51","nle.2693393.23.ttyrec3.bz2","23","14114","3","Mon","Hum","Mal","Neu","poisoned by a rotted jaguar corpse"
"331","9764","44662","9764","27371","1","45","54","0","8","2323","26560","1308","1597","0","0","77","nle.2693399.18.ttyrec3.bz2","18","9764","3","Mon","Hum","Mal","Neu","killed by a bolt of fire"
"332","984","8504","984","5828","1","36","28","3","5","246","5872","0","546","0","19","31","nle.2693398.20.ttyrec3.bz2","20","984","1","Mon","Hum","Mal","Neu","quit"
"333","2973","21044","2973","13993","1","46","45","1","7","739","13662","7","507","0","10","72","nle.2693400.19.ttyrec3.bz2","19","2973","1","Mon","Hum","Mal","Neu","quit"
"334","6784","31328","6784","21594","3","63","42","3","8","1642","20485","168","1150","0","3","42","nle.2693390.21.ttyrec3.bz2","21","6784","3","Mon","Hum","Mal","Neu","killed by a jackal while fainted from lack of food"
"335","16","123","16","22","1","15","4","4","1","4","0","0","31","0","0","0","nle.2693400.20.ttyrec3.bz2","20","16","1","Mon","Hum","Mal","Neu","killed by a falling rock"
"336","954","8460","954","6608","1","39","26","4","5","237","5927","6","628","0","0","0","nle.2693393.24.ttyrec3.bz2","24","954","1","Mon","Hum","Mal","Neu","poisoned by a rotted coyote corpse"
"337","6354","30868","6354","23654","2","56","74","1","8","1530","23363","320","1287","0","32","132","nle.2693389.23.ttyrec3.bz2","23","6354","2","Mon","Hum","Mal","Neu","killed by a hobgoblin"
"338","2868","19500","2868","14803","1","67","48","3","8","1282","13332","12","747","0","0","7","nle.2693401.19.ttyrec3.bz2","19","2868","1","Mon","Hum","Mal","Neu","killed by a sewer rat while fainted from lack of food"
"339","5204","34556","5204","19223","1","53","37","3","7","1271","19218","220","545","0","17","70","nle.2693397.23.ttyrec3.bz2","23","5204","1","Mon","Hum","Mal","Neu","quit"
"340","7629","39356","7629","26745","1","72","56","2","8","1852","25808","417","551","0","6","75","nle.2693392.22.ttyrec3.bz2","22","7629","1","Mon","Hum","Mal","Neu","quit"
"341","1905","16505","1905","12529","1","44","40","3","6","326","11506","3","523","0","0","44","nle.2693398.21.ttyrec3.bz2","21","1905","1","Mon","Hum","Mal","Neu","killed by a kobold lord while fainted from lack of food"
"342","1077","9948","1077","7916","1","38","33","4","5","164","6807","17","511","0","0","25","nle.2693401.20.ttyrec3.bz2","20","1077","1","Mon","Hum","Mal","Neu","killed by a cave spider while fainted from lack of food"
"343","11172","41075","11172","22843","6","74","58","8","9","2678","22757","332","4637","0","4","47","nle.2693387.20.ttyrec3.bz2","20","11172","6","Mon","Hum","Mal","Neu","quit"
"344","976","8617","976","6743","1","41","25","3","5","237","6405","18","639","0","13","21","nle.2693397.24.ttyrec3.bz2","24","976","1","Mon","Hum","Mal","Neu","quit"
"345","2779","21446","2779","15950","1","46","53","4","7","644","14741","11","496","0","28","52","nle.2693391.20.ttyrec3.bz2","20","2779","1","Mon","Hum","Mal","Neu","killed by a giant bat while fainted from lack of food"
"346","342","3995","342","3145","1","26","21","3","4","82","2750","14","766","0","0","3","nle.2693401.21.ttyrec3.bz2","21","342","1","Mon","Hum","Mal","Neu","poisoned by a rotted hobbit corpse while helpless"
"347","2538","14915","2538","10014","1","39","28","2","6","632","9949","10","518","0","0","6","nle.2693393.25.ttyrec3.bz2","25","2538","1","Mon","Hum","Mal","Neu","poisoned by a rotted jackal corpse"
"348","354","3866","354","2617","1","35","25","3","4","86","2505","10","422","0","12","20","nle.2693387.21.ttyrec3.bz2","21","354","1","Mon","Hum","Mal","Neu","quit"
"349","11093","55838","11093","31648","4","64","46","3","9","2720","31508","609","1848","0","10","151","nle.2693452.16.ttyrec3.bz2","16","11093","4","Mon","Hum","Mal","Neu","killed by a soldier ant"
"350","598","4376","598","3371","1","30","20","3","4","146","3681","14","564","0","13","17","nle.2693391.21.ttyrec3.bz2","21","598","1","Mon","Hum","Mal","Neu","poisoned by a rotted shrieker corpse"
"351","262","3453","262","2902","1","28","11","3","3","62","2347","14","552","0","0","0","nle.2693393.26.ttyrec3.bz2","26","262","1","Mon","Hum","Mal","Neu","quit"
"352","6892","33419","6892","21455","2","59","64","0","8","1708","20467","286","1171","0","3","48","nle.2693396.15.ttyrec3.bz2","15","6892","2","Mon","Hum","Mal","Neu","killed by a bugbear while fainted from lack of food"
"353","7466","35379","7466","23834","2","60","43","4","8","1854","23739","1414","1113","0","1","30","nle.2693395.23.ttyrec3.bz2","23","7466","2","Mon","Hum","Mal","Neu","poisoned by a rotted rothe corpse"
"354","3422","25682","3422","14954","1","47","43","3","7","677","13956","162","626","0","4","13","nle.2693400.21.ttyrec3.bz2","21","3422","1","Mon","Hum","Mal","Neu","killed by a rothe while fainted from lack of food"
"355","1736","13356","1736","9648","1","32","40","3","6","430","7988","16","552","0","8","23","nle.2693397.25.ttyrec3.bz2","25","1736","1","Mon","Hum","Mal","Neu","killed by a manes while fainted from lack of food"
"356","1171","10414","1171","7814","1","35","28","3","5","290","7791","11","516","0","0","0","nle.2693387.22.ttyrec3.bz2","22","1171","1","Mon","Hum","Mal","Neu","poisoned by a rotted goblin corpse"
"357","1454","14593","1454","11281","1","45","35","3","6","363","11127","2","738","0","14","41","nle.2693401.22.ttyrec3.bz2","22","1454","1","Mon","Hum","Mal","Neu","quit"
"358","629","20158","629","10793","2","16","17","2","3","79","8572","11","1125","0","0","15","nle.2693398.22.ttyrec3.bz2","22","629","2","Mon","Hum","Mal","Neu","died of starvation while fainted"
"359","5957","32667","5957","21761","2","67","64","1","8","1449","21180","209","1309","0","21","63","nle.2693390.22.ttyrec3.bz2","22","5957","2","Mon","Hum","Mal","Neu","killed by Mr. Lahinch; the shopkeeper"
"360","4620","29863","4620","20238","1","54","32","3","7","1155","19459","118","625","0","23","50","nle.2693389.24.ttyrec3.bz2","24","4620","1","Mon","Hum","Mal","Neu","quit"
"361","13868","41432","13868","25558","5","73","63","1","9","3352","24933","534","3613","0","3","43","nle.2693399.19.ttyrec3.bz2","19","13868","5","Mon","Hum","Mal","Neu","poisoned by a rotted floating eye corpse"
"362","315","3618","315","2846","1","25","18","4","3","76","2752","11","436","0","0","4","nle.2693390.23.ttyrec3.bz2","23","315","1","Mon","Hum","Mal","Neu","quit"
"363","7479","30741","7479","21281","3","58","56","4","8","1801","20822","345","1428","0","1","114","nle.2693392.23.ttyrec3.bz2","23","7479","3","Mon","Hum","Mal","Neu","killed by a jackal"
"365","1882","17089","1882","12956","1","42","25","3","6","468","11400","10","504","0","5","47","nle.2693400.22.ttyrec3.bz2","22","1882","1","Mon","Hum","Mal","Neu","killed by a hobbit while fainted from lack of food"
"366","4699","28445","4699","20270","1","9","50","7","7","1169","19200","291","677","0","7","46","nle.2693452.17.ttyrec3.bz2","17","4699","1","Mon","Hum","Mal","Neu","died of starvation while fainted"
"367","4667","30014","4667","21714","1","49","29","-7","7","1140","21424","289","502","0","67","115","nle.2693391.22.ttyrec3.bz2","22","4667","1","Mon","Hum","Mal","Neu","killed by a gnome"
"368","3460","20936","3460","13539","1","49","47","0","7","865","13511","22","538","0","1","37","nle.2693398.23.ttyrec3.bz2","23","3460","1","Mon","Hum","Mal","Neu","quit"
"369","4671","24467","4671","15372","1","48","48","4","7","1141","14864","107","498","0","0","76","nle.2693387.23.ttyrec3.bz2","23","4671","1","Mon","Hum","Mal","Neu","poisoned by a rotted rock mole corpse while helpless"
"370","3943","21465","3943","14389","1","53","48","4","7","982","14116","15","547","0","1","25","nle.2693390.24.ttyrec3.bz2","24","3943","1","Mon","Hum","Mal","Neu","quit"
"371","7146","33711","7146","21038","3","65","52","1","8","1699","20101","400","1601","0","4","57","nle.2693395.24.ttyrec3.bz2","24","7146","3","Mon","Hum","Mal","Neu","killed by a pony while frozen by a potion"
"372","988","11466","988","8950","1","32","23","3","4","159","7470","12","560","0","10","21","nle.2693387.24.ttyrec3.bz2","24","988","1","Mon","Hum","Mal","Neu","killed by a fox while fainted from lack of food"
"373","1781","16589","1781","9863","1","52","30","10","6","442","9361","3","562","0","30","46","nle.2693391.23.ttyrec3.bz2","23","1781","1","Mon","Hum","Mal","Neu","killed by a giant rat while fainted from lack of food"
"374","8845","25766","8845","13661","6","67","51","2","8","2085","13206","289","3094","0","0","40","nle.2693400.23.ttyrec3.bz2","23","8845","8","Mon","Hum","Mal","Neu","killed by a fire ant"
"375","6627","36702","6627","20621","1","62","38","2","8","1636","20493","103","521","0","0","81","nle.2693399.20.ttyrec3.bz2","20","6627","1","Mon","Hum","Mal","Neu","quit"
"376","4905","35582","4905","22640","1","36","37","3","7","1217","22172","17","500","0","14","21","nle.2693389.25.ttyrec3.bz2","25","4905","1","Mon","Hum","Mal","Neu","quit"
"377","12772","40021","12772","27860","4","61","57","4","9","2937","28795","854","2564","0","18","66","nle.2693401.23.ttyrec3.bz2","23","12772","4","Mon","Hum","Mal","Neu","choked on a food ration"
"378","15142","90839","15142","30972","3","60","49","5","9","3753","30123","390","1754","0","3","134","nle.2693394.26.ttyrec3.bz2","26","15142","3","Mon","Hum","Mal","Neu","poisoned by a rotted centipede corpse"
"379","5093","29861","5093","17413","1","49","41","2","7","1256","16710","59","337","0","40","107","nle.2693452.18.ttyrec3.bz2","18","5093","1","Mon","Hum","Mal","Neu","quit"
"380","16310","58953","16310","30464","7","58","41","4","9","3991","30208","738","3851","0","18","73","nle.2693396.16.ttyrec3.bz2","16","16310","7","Mon","Hum","Mal","Neu","poisoned by a rotted black unicorn corpse"
"381","2798","10058","2798","5906","5","44","25","5","6","632","6121","70","2939","0","0","39","nle.2693399.21.ttyrec3.bz2","21","2798","5","Mon","Hum","Mal","Neu","quit"
"382","6611","30484","6611","21166","8","67","27","1","8","1536","20453","97","2323","0","8","65","nle.2693398.24.ttyrec3.bz2","24","6611","8","Mon","Hum","Mal","Neu","killed by a leocrotta"
"383","540","5539","540","3418","1","35","28","3","4","131","3475","16","684","0","0","2","nle.2693396.17.ttyrec3.bz2","17","540","1","Mon","Hum","Mal","Neu","poisoned by a rotted gecko corpse"
"384","18542","100000","18542","38084","3","58","62","4","9","4590","37544","582","2293","0","12","67","nle.2693388.22.ttyrec3.bz2","22","18542","4","Mon","Hum","Mal","Neu","quit"
"385","1399","13166","1399","10334","1","41","25","10","6","347","9251","11","522","0","2","72","nle.2693394.27.ttyrec3.bz2","27","1399","1","Mon","Hum","Mal","Neu","killed by a manes while fainted from lack of food"
"386","2750","22930","2750","17129","1","43","29","-3","6","639","16136","48","678","0","7","95","nle.2693387.25.ttyrec3.bz2","25","2750","1","Mon","Hum","Mal","Neu","died of starvation while frozen by a monster's gaze"
"387","13174","47807","13174","29243","5","70","60","-3","9","3129","29417","2012","3605","0","3","82","nle.2693393.28.ttyrec3.bz2","28","13174","5","Mon","Hum","Mal","Neu","killed by a Woodland-elf while praying"
"388","1456","11812","1456","8110","1","35","22","3","6","358","7197","4","464","0","0","14","nle.2693399.22.ttyrec3.bz2","22","1456","1","Mon","Hum","Mal","Neu","quit"
"389","64","1296","64","1008","1","14","4","4","1","16","992","0","248","0","0","0","nle.2693393.29.ttyrec3.bz2","29","64","1","Mon","Hum","Mal","Neu","quit"
"391","0","248","0","57","1","14","4","4","1","0","0","0","78","0","0","0","nle.2693395.26.ttyrec3.bz2","26","0","1","Mon","Hum","Mal","Neu","quit"
"392","10188","35940","10188","23720","6","61","53","1","8","2425","23735","590","2918","0","3","75","nle.2693390.25.ttyrec3.bz2","25","10188","6","Mon","Hum","Mal","Neu","killed by a mumak"
"393","5337","25220","5337","18012","1","60","48","1","8","1311","17999","221","470","0","3","45","nle.2693391.24.ttyrec3.bz2","24","5337","1","Mon","Hum","Mal","Neu","poisoned by a rotted gnome lord corpse"
"394","18539","53996","18539","30433","6","74","51","0","9","4531","30123","1407","2824","0","0","15","nle.2693392.24.ttyrec3.bz2","24","18539","6","Mon","Hum","Mal","Neu","killed by a chameleon imitating a minotaur"
"395","1871","16353","1871","11121","1","43","38","3","6","458","11107","9","539","0","17","96","nle.2693398.25.ttyrec3.bz2","25","1871","1","Mon","Hum","Mal","Neu","killed by a kitten"
"396","4220","28384","4220","16373","1","46","35","0","7","1046","15624","182","513","0","0","9","nle.2693389.26.ttyrec3.bz2","26","4220","1","Mon","Hum","Mal","Neu","poisoned by a rotted bat corpse while helpless"
"397","2090","16181","2090","11212","1","38","31","3","6","332","9972","14","474","0","0","81","nle.2693396.18.ttyrec3.bz2","18","2090","1","Mon","Hum","Mal","Neu","killed by a mildly contaminated potion"
"398","8247","34256","8247","20985","4","51","44","2","8","2006","19828","93","1481","0","1","72","nle.2693400.24.ttyrec3.bz2","24","8247","4","Mon","Hum","Mal","Neu","killed by a werejackal while fainted from lack of food"
"399","1108","10277","1108","7281","1","31","23","3","5","276","6890","4","563","0","1","46","nle.2693391.25.ttyrec3.bz2","25","1108","1","Mon","Hum","Mal","Neu","poisoned by a rotted jackal corpse while helpless"
"400","1424","10574","1424","7627","1","51","30","3","6","352","6943","16","554","0","3","45","nle.2693392.25.ttyrec3.bz2","25","1424","1","Mon","Hum","Mal","Neu","poisoned by a rotted red mold corpse"
"401","1547","14226","1547","10481","1","50","34","-2","6","378","9653","15","600","0","5","15","nle.2693390.26.ttyrec3.bz2","26","1547","1","Mon","Hum","Mal","Neu","killed by a giant bat while fainted from lack of food"
"402","4732","30772","4732","19864","1","52","36","2","7","1178","19719","250","561","0","52","206","nle.2693452.19.ttyrec3.bz2","19","4732","1","Mon","Hum","Mal","Neu","quit"
"403","14519","78793","14519","34187","4","60","46","6","9","3583","34335","497","2040","0","2","52","nle.2693397.26.ttyrec3.bz2","26","14519","4","Mon","Hum","Mal","Neu","killed by a soldier ant"
"404","4254","19668","4254","13351","1","7","30","7","7","1059","12872","20","577","0","3","23","nle.2693399.23.ttyrec3.bz2","23","4254","1","Mon","Hum","Mal","Neu","killed by the wrath of Chih Sung-tzu"
"405","10358","40718","10358","27474","5","56","43","-2","8","2317","27360","2628","3232","0","20","56","nle.2693401.24.ttyrec3.bz2","24","10358","5","Mon","Hum","Mal","Neu","killed by a dwarf lord"
"406","411","4064","411","3191","1","35","20","3","4","97","2995","23","588","0","0","4","nle.2693397.27.ttyrec3.bz2","27","411","1","Mon","Hum","Mal","Neu","quit"
"407","1284","9071","1284","7098","1","41","36","3","5","318","6681","2","526","0","0","36","nle.2693392.26.ttyrec3.bz2","26","1284","1","Mon","Hum","Mal","Neu","poisoned by a rotted iguana corpse"
"408","4005","23825","4005","16148","1","56","49","2","7","990","15640","99","495","0","0","5","nle.2693393.30.ttyrec3.bz2","30","4005","1","Mon","Hum","Mal","Neu","poisoned by a rotted dwarf corpse"
"409","2014","16742","2014","12203","1","41","49","3","6","501","10872","0","420","0","3","41","nle.2693389.27.ttyrec3.bz2","27","2014","1","Mon","Hum","Mal","Neu","killed by the ghost of Mizue while being frightened to death"
"410","2842","25371","2842","18851","1","63","39","3","7","708","18261","26","627","0","1","60","nle.2693395.27.ttyrec3.bz2","27","2842","1","Mon","Hum","Mal","Neu","quit"
"411","4494","31338","4494","21115","2","47","41","4","7","1111","20336","38","660","0","26","74","nle.2693387.26.ttyrec3.bz2","26","4494","2","Mon","Hum","Mal","Neu","quit"
"412","8869","34408","8869","20989","4","54","32","-1","8","2140","20918","1013","2712","0","1","32","nle.2693388.23.ttyrec3.bz2","23","8869","4","Mon","Hum","Mal","Neu","killed by a magic missile"
"413","787","7450","787","5363","1","36","13","4","5","195","4630","7","418","0","9","20","nle.2693397.28.ttyrec3.bz2","28","787","1","Mon","Hum","Mal","Neu","poisoned by a rotted yellow mold corpse"
"414","814","5762","814","4475","1","37","35","4","5","200","4191","14","522","0","1","34","nle.2693393.31.ttyrec3.bz2","31","814","1","Mon","Hum","Mal","Neu","killed by a little dog"
"415","3425","22599","3425","15131","1","6","37","6","7","852","14113","7","577","0","2","27","nle.2693396.19.ttyrec3.bz2","19","3425","1","Mon","Hum","Mal","Neu","died of starvation while fainted"
"416","317","6842","317","4812","1","24","10","-2","2","39","4741","7","495","0","1","12","nle.2693387.27.ttyrec3.bz2","27","317","1","Mon","Hum","Mal","Neu","killed by a fox while fainted from lack of food"
"417","558","5241","558","4037","1","27","18","3","4","136","3571","14","579","0","0","2","nle.2693388.24.ttyrec3.bz2","24","558","1","Mon","Hum","Mal","Neu","killed by a kitten"
"418","2463","18934","2463","13968","1","43","37","3","6","321","12674","19","725","0","21","50","nle.2693452.20.ttyrec3.bz2","20","2463","1","Mon","Hum","Mal","Neu","killed by a cave spider while fainted from lack of food"
"419","4660","24789","4660","15967","1","48","38","-2","7","1118","15717","508","531","0","0","160","nle.2693400.25.ttyrec3.bz2","25","4660","1","Mon","Hum","Mal","Neu","poisoned by a rotted cave spider corpse"
"420","2942","17841","2942","12888","1","56","43","3","7","731","12715","18","572","0","0","36","nle.2693399.24.ttyrec3.bz2","24","2942","1","Mon","Hum","Mal","Neu","poisoned by a rotted jackal corpse"
"421","2138","17004","2138","11528","1","50","33","4","6","532","11065","870","718","0","0","45","nle.2693401.25.ttyrec3.bz2","25","2138","1","Mon","Hum","Mal","Neu","quit"
"422","3356","22055","3356","13894","1","51","51","3","7","839","13076","14","485","0","1","42","nle.2693390.27.ttyrec3.bz2","27","3356","1","Mon","Hum","Mal","Neu","quit"
"424","4485","24852","4485","17347","1","42","36","0","7","1113","16213","23","612","0","2","49","nle.2693391.26.ttyrec3.bz2","26","4485","1","Mon","Hum","Mal","Neu","killed by a manes while fainted from lack of food"
"425","1809","16980","1809","13855","1","41","20","3","5","319","12301","13","748","0","1","19","nle.2693389.28.ttyrec3.bz2","28","1809","1","Mon","Hum","Mal","Neu","killed by a goblin while fainted from lack of food"
"426","3676","22565","3676","13190","1","59","41","2","7","911","12315","32","458","0","0","29","nle.2693392.27.ttyrec3.bz2","27","3676","1","Mon","Hum","Mal","Neu","killed by a kobold lord while fainted from lack of food"
"427","1851","15111","1851","10538","1","43","33","2","6","459","9986","5","553","0","2","22","nle.2693397.29.ttyrec3.bz2","29","1851","1","Mon","Hum","Mal","Neu","poisoned by a rotted cave spider corpse"
"428","776","8677","776","7100","1","41","34","2","5","163","5804","16","550","0","0","2","nle.2693401.26.ttyrec3.bz2","26","776","1","Mon","Hum","Mal","Neu","killed by a kobold lord while fainted from lack of food"
"429","7592","52086","7592","26315","4","63","54","3","8","1810","26580","334","1943","0","20","145","nle.2693394.28.ttyrec3.bz2","28","7592","4","Mon","Hum","Mal","Neu","killed by a bolt of lightning"
"430","1524","13128","1524","11305","1","42","28","1","6","322","8307","16","569","0","6","36","nle.2693400.26.ttyrec3.bz2","26","1524","1","Mon","Hum","Mal","Neu","died of starvation while fainted"
"431","386","3153","386","2400","1","31","23","3","4","95","1901","6","568","0","0","4","nle.2693392.28.ttyrec3.bz2","28","386","1","Mon","Hum","Mal","Neu","killed by a wand"
"432","3418","22853","3418","16996","1","42","31","1","7","852","17004","38","710","0","4","26","nle.2693395.28.ttyrec3.bz2","28","3418","1","Mon","Hum","Mal","Neu","killed by a rothe"
"433","1812","15557","1812","13638","1","45","22","2","6","324","11439","20","739","0","7","23","nle.2693387.28.ttyrec3.bz2","28","1812","1","Mon","Hum","Mal","Neu","died of starvation while fainted"
"434","2400","16589","2400","11139","1","37","38","2","6","600","10579","0","329","0","2","30","nle.2693388.25.ttyrec3.bz2","25","2400","1","Mon","Hum","Mal","Neu","quit"
"435","521","3072","521","2219","1","26","18","3","4","125","1858","21","548","0","3","14","nle.2693388.26.ttyrec3.bz2","26","521","1","Mon","Hum","Mal","Neu","quit"
"436","2339","18705","2339","14757","1","44","33","4","6","323","13608","9","564","0","11","22","nle.2693391.27.ttyrec3.bz2","27","2339","1","Mon","Hum","Mal","Neu","killed by a giant rat while fainted from lack of food"
"437","9353","52901","9353","31081","4","74","58","7","8","2241","30514","413","2610","0","5","127","nle.2693398.26.ttyrec3.bz2","26","9353","4","Mon","Hum","Mal","Neu","killed by a Woodland-elf"
"438","3600","20655","3600","15703","1","48","38","2","6","639","14359","66","551","0","3","19","nle.2693401.27.ttyrec3.bz2","27","3600","1","Mon","Hum","Mal","Neu","killed by a jackal while fainted from lack of food"
"440","6119","37235","6119","21427","1","66","54","1","8","1526","20891","129","476","0","0","62","nle.2693396.20.ttyrec3.bz2","20","6119","1","Mon","Hum","Mal","Neu","quit"
"441","4121","25013","4121","14555","1","47","40","-1","7","1023","14750","29","550","0","0","29","nle.2693389.29.ttyrec3.bz2","29","4121","1","Mon","Hum","Mal","Neu","quit"
"442","5789","32719","5789","20538","3","77","44","3","8","1409","20270","297","1581","0","0","9","nle.2693390.28.ttyrec3.bz2","28","5789","3","Mon","Hum","Mal","Neu","killed by a gnome while fainted from lack of food"
"443","8","436","8","358","1","15","4","4","1","2","0","0","102","0","0","0","nle.2693389.30.ttyrec3.bz2","30","8","1","Mon","Hum","Mal","Neu","killed by a falling rock"
"444","4075","26198","4075","18039","1","52","39","1","7","1010","17850","121","483","0","4","8","nle.2693397.30.ttyrec3.bz2","30","4075","1","Mon","Hum","Mal","Neu","quit"
"445","4028","26703","4028","15406","1","49","48","1","7","963","14939","176","530","0","13","23","nle.2693394.29.ttyrec3.bz2","29","4028","1","Mon","Hum","Mal","Neu","quit"
"446","4102","27356","4102","19358","1","53","43","3","7","1023","19017","16","515","0","6","50","nle.2693392.29.ttyrec3.bz2","29","4102","1","Mon","Hum","Mal","Neu","quit"
"447","12263","41269","12263","27626","2","77","51","4","9","3031","27198","549","1120","0","0","23","nle.2693399.25.ttyrec3.bz2","25","12263","2","Mon","Hum","Mal","Neu","poisoned by a rotted jackal corpse"
"448","1196","11028","1196","8454","1","48","39","4","5","164","7295","16","594","0","1","14","nle.2693401.28.ttyrec3.bz2","28","1196","1","Mon","Hum","Mal","Neu","killed by a bat while fainted from lack of food"
"449","1133","11076","1133","7880","1","38","40","3","5","278","7359","21","493","0","13","55","nle.2693397.31.ttyrec3.bz2","31","1133","1","Mon","Hum","Mal","Neu","quit"
"450","3905","29941","3905","18465","1","56","39","10","7","964","17765","97","631","0","10","49","nle.2693388.27.ttyrec3.bz2","27","3905","1","Mon","Hum","Mal","Neu","killed by a rothe"
"451","1641","15055","1641","11460","1","54","26","3","5","316","11333","1101","471","0","7","27","nle.2693390.29.ttyrec3.bz2","29","1641","1","Mon","Hum","Mal","Neu","killed by a guard"
"452","11944","38433","11944","27027","3","66","57","4","9","2909","25951","168","1375","0","12","93","nle.2693400.27.ttyrec3.bz2","27","11944","3","Mon","Hum","Mal","Neu","killed by a black unicorn"
"453","4220","26424","4220","18840","1","45","28","0","7","1049","18571","24","570","0","4","7","nle.2693391.28.ttyrec3.bz2","28","4220","1","Mon","Hum","Mal","Neu","poisoned by a rotted brown mold corpse"
"454","1600","14013","1600","10884","1","41","32","10","6","398","9514","8","527","0","4","24","nle.2693394.30.ttyrec3.bz2","30","1600","1","Mon","Hum","Mal","Neu","killed by a dwarf zombie while fainted from lack of food"
"455","237","2913","237","2182","1","29","15","3","3","58","1782","5","509","0","14","19","nle.2693390.30.ttyrec3.bz2","30","237","1","Mon","Hum","Mal","Neu","quit"
"456","16777","50894","16777","29123","5","74","48","2","9","4130","28439","1853","2740","0","2","172","nle.2693452.22.ttyrec3.bz2","22","16777","5","Mon","Hum","Mal","Neu","killed by a dwarf lord"
"457","5081","29630","5081","17861","1","43","33","1","7","1248","17608","183","711","0","0","25","nle.2693398.27.ttyrec3.bz2","27","5081","1","Mon","Hum","Mal","Neu","killed by a pony"
"458","712","6053","712","4193","1","48","24","3","5","177","3728","4","393","0","5","35","nle.2693390.31.ttyrec3.bz2","31","712","1","Mon","Hum","Mal","Neu","quit"
"460","2757","20465","2757","14424","1","58","42","10","7","688","13846","5","641","0","6","28","nle.2693399.26.ttyrec3.bz2","26","2757","1","Mon","Hum","Mal","Neu","killed by a hobgoblin"
"461","1803","12249","1805","9494","1","44","34","4","6","448","8843","11","459","0","12","42","nle.2693452.23.ttyrec3.bz2","23","1803","1","Mon","Hum","Mal","Neu","poisoned by a rotted homunculus corpse"
"462","4975","29487","4975","19025","1","54","39","3","7","641","17605","111","591","0","0","57","nle.2693389.31.ttyrec3.bz2","31","4975","1","Mon","Hum","Mal","Neu","killed by a giant ant while fainted from lack of food"
"463","8590","53160","8590","27602","2","67","40","0","8","2133","27156","390","842","0","2","25","nle.2693387.29.ttyrec3.bz2","29","8590","2","Mon","Hum","Mal","Neu","killed by Ms. Sipaliwini; the shopkeeper"
"464","6605","30052","6605","18583","3","56","44","3","8","1590","18259","341","1437","0","1","149","nle.2693392.30.ttyrec3.bz2","30","6605","3","Mon","Hum","Mal","Neu","quit"
"465","5809","30930","5809","19112","2","58","44","3","8","1298","18410","673","760","0","0","44","nle.2693401.29.ttyrec3.bz2","29","5809","2","Mon","Hum","Mal","Neu","poisoned by a rotted glob of gray ooze"
"466","2996","20268","2996","13959","1","73","29","3","7","741","13423","22","565","0","5","33","nle.2693398.28.ttyrec3.bz2","28","2996","1","Mon","Hum","Mal","Neu","quit"
"467","5301","25271","5301","17122","1","61","35","1","8","1300","16794","487","643","0","3","41","nle.2693391.29.ttyrec3.bz2","29","5301","1","Mon","Hum","Mal","Neu","poisoned by a rotted kobold shaman corpse"
"468","5464","27198","5464","17435","5","62","50","-1","7","1167","17430","596","1467","0","12","132","nle.2693394.31.ttyrec3.bz2","31","5464","5","Mon","Hum","Mal","Neu","poisoned by a rotted gnome lord corpse"
"469","2963","19164","2963","12383","1","40","28","-1","6","639","11697","17","454","0","4","26","nle.2693396.22.ttyrec3.bz2","22","2963","1","Mon","Hum","Mal","Neu","killed by a goblin while fainted from lack of food"
"471","5594","25133","5594","17306","1","50","60","2","8","1398","16896","76","555","0","8","13","nle.2693399.27.ttyrec3.bz2","27","5594","1","Mon","Hum","Mal","Neu","poisoned by a rotted gecko corpse"
"472","1830","18858","1830","15786","1","40","29","3","6","457","14346","2","523","0","4","26","nle.2693401.30.ttyrec3.bz2","30","1830","1","Mon","Hum","Mal","Neu","killed by a giant bat while fainted from lack of food"
"473","14597","45699","14597","26950","5","73","40","0","9","3544","26972","301","3524","0","0","246","nle.2693400.28.ttyrec3.bz2","28","14597","5","Mon","Hum","Mal","Neu","killed by a spotted jelly"
"474","23892","50575","23892","30217","6","87","72","4","10","5880","29856","648","3964","0","25","112","nle.2693388.28.ttyrec3.bz2","28","23892","6","Mon","Hum","Mal","Neu","killed by a Grey-elf"
"476","4248","24818","4248","14741","1","48","35","2","7","1054","14393","292","475","0","0","80","nle.2693391.30.ttyrec3.bz2","30","4248","1","Mon","Hum","Mal","Neu","quit"
"477","8999","40280","8999","25720","2","61","40","6","8","1294","24552","245","1606","0","0","81","nle.2693452.24.ttyrec3.bz2","24","8999","3","Mon","Hum","Mal","Neu","killed by a giant ant while fainted from lack of food"
"478","2976","29297","2976","14627","1","46","31","4","7","742","14693","8","526","0","56","120","nle.2693396.23.ttyrec3.bz2","23","2976","1","Mon","Hum","Mal","Neu","poisoned by a rotted giant rat corpse"
"479","91","8114","91","3178","1","22","11","-4","2","22","3968","773","565","0","0","0","nle.2693452.25.ttyrec3.bz2","25","91","1","Mon","Hum","Mal","Neu","killed by a jackal while fainted from lack of food"
"480","20405","39324","20405","24145","9","71","44","3","9","4946","24072","177","2453","0","0","58","nle.2693398.29.ttyrec3.bz2","29","20405","9","Mon","Hum","Mal","Neu","killed by a mumak"
"481","4316","30449","4316","16329","1","68","42","4","7","1079","16186","48","514","0","5","238","nle.2693395.31.ttyrec3.bz2","31","4316","1","Mon","Hum","Mal","Neu","quit"
"482","16624","46308","16624","28892","5","82","51","-1","9","4025","29297","1022","3035","0","11","51","nle.2693392.31.ttyrec3.bz2","31","16624","5","Mon","Hum","Mal","Neu","quit"
"483","5879","26347","5879","18431","2","60","47","3","8","1448","17861","393","924","0","23","57","nle.2693401.31.ttyrec3.bz2","31","5879","2","Mon","Hum","Mal","Neu","killed by a magic missile"
"484","5344","32311","5344","18798","2","58","52","3","8","1321","18520","1896","937","0","0","73","nle.2693399.28.ttyrec3.bz2","28","5344","2","Mon","Hum","Mal","Neu","quit"
"485","3484","23090","3484","14985","1","50","45","3","7","871","14736","188","675","0","1","35","nle.2693388.29.ttyrec3.bz2","29","3484","1","Mon","Hum","Mal","Neu","quit"
"486","3845","27035","3845","20131","1","48","37","3","7","954","19258","33","531","0","2","42","nle.2693400.29.ttyrec3.bz2","29","3845","1","Mon","Hum","Mal","Neu","quit"
"487","1528","13355","1531","10051","1","47","37","3","6","382","10580","0","564","0","5","21","nle.2693398.30.ttyrec3.bz2","30","1528","1","Mon","Hum","Mal","Neu","poisoned by a rotted jackal corpse"
"488","4535","25885","4535","18461","1","58","32","-2","7","685","17166","35","522","0","14","43","nle.2693387.31.ttyrec3.bz2","31","4535","1","Mon","Hum","Mal","Neu","killed by a hill orc while fainted from lack of food"
"489","4165","24246","4165","17705","1","64","43","2","7","1026","17600","61","542","0","74","157","nle.2693391.31.ttyrec3.bz2","31","4165","1","Mon","Hum","Mal","Neu","quit"
"490","1839","13163","1839","10188","1","39","26","3","6","458","9170","7","445","0","0","35","nle.2693400.30.ttyrec3.bz2","30","1839","1","Mon","Hum","Mal","Neu","killed by a jackal while fainted from lack of food"
"491","7460","31746","7460","20593","6","70","47","1","8","1783","20140","322","1888","0","1","109","nle.2693396.24.ttyrec3.bz2","24","7460","6","Mon","Hum","Mal","Neu","killed by an invisible watch captain"
"492","2731","21481","2731","15774","1","57","43","1","7","680","15040","11","680","0","7","9","nle.2693399.29.ttyrec3.bz2","29","2731","1","Mon","Hum","Mal","Neu","poisoned by a rotted kobold corpse"
"493","4385","38623","4385","24978","2","44","29","-5","6","639","24556","159","792","0","3","54","nle.2693452.26.ttyrec3.bz2","26","4385","2","Mon","Hum","Mal","Neu","killed by an iguana"
"494","1814","17574","1821","11338","1","51","34","3","6","449","10056","8","509","0","0","31","nle.2693400.31.ttyrec3.bz2","31","1814","1","Mon","Hum","Mal","Neu","killed by a hobbit while fainted from lack of food"
"495","6422","31491","6422","24006","2","44","36","2","7","1279","22488","992","1159","0","5","42","nle.2693388.30.ttyrec3.bz2","30","6422","2","Mon","Hum","Mal","Neu","killed by a dwarf while fainted from lack of food"
"496","6238","33130","6238","17595","2","48","45","2","8","1505","17195","330","1015","0","0","60","nle.2693398.31.ttyrec3.bz2","31","6238","2","Mon","Hum","Mal","Neu","killed by a rothe"
"497","2204","11781","2204","8625","1","50","39","3","6","546","8169","10","673","0","0","15","nle.2693388.31.ttyrec3.bz2","31","2204","1","Mon","Hum","Mal","Neu","poisoned by a rotted gnome corpse"
"498","4844","28320","4844","17180","1","56","46","5","7","1211","16680","64","615","0","0","79","nle.2693452.27.ttyrec3.bz2","27","4844","1","Mon","Hum","Mal","Neu","quit"
"499","14398","48913","14398","32015","4","82","39","2","9","3512","31449","628","3531","0","4","125","nle.2693399.30.ttyrec3.bz2","30","14398","7","Mon","Hum","Mal","Neu","killed by a soldier ant"